date,nav,cash,all_cash,trend_signal,vol,prob,close
2014-05-19,1000000.0,1000000.0,,0.0,53.7200380677,0.454038636284,3615.62
2014-05-20,1000000.0,1000000.0,,0.0,49.5634264967,0.485730038375,3600.31
2014-05-21,1000000.0,1000000.0,,0.0,48.1632140162,0.522689299608,3635.61
2014-05-22,1000000.0,1000000.0,,0.0,43.2711651196,0.621382787244,3650.86
2014-05-23,1000000.0,1000000.0,,0.0,45.9603493921,0.690028609155,3677.33
2014-05-27,1000000.0,1000000.0,,0.0,53.1045929125,0.737021894152,3723.06
2014-05-28,1000000.0,1000000.0,,0.0,38.7217963533,0.689933563636,3712.26
2014-05-29,1000000.0,1000000.0,,0.0,41.5316992864,0.634747781555,3735.72
2014-05-30,1000000.0,1000000.0,,0.0,42.6381464589,0.624766233026,3736.82
2014-06-02,1000000.0,1000000.0,,0.0,46.4083575093,0.66323919321,3732.96
2014-06-03,1000000.0,1000000.0,,0.0,40.0921523321,0.815669249687,3730.07
2014-06-04,1000000.0,1000000.0,,0.0,47.4853879056,0.868844512019,3743.59
2014-06-05,1000000.0,1000000.0,,0.0,53.7401496985,0.869512267575,3776.95
2014-06-06,1000000.0,1000000.0,,0.0,38.8212308602,0.82771797183,3794.57
2014-06-09,1000000.0,1000000.0,,0.0,39.9088681124,0.96612460923,3795.74
2014-06-10,1000000.0,1000000.0,,0.0,37.7861673227,0.985868921543,3800.86
2014-06-11,1000000.0,1000000.0,,0.0,40.1127213836,0.978270807675,3797.85
2014-06-12,1000000.0,1000000.0,,0.0,53.4484318699,0.95464768906,3763.8
2014-06-13,1000000.0,1000000.0,,0.0,42.5453882935,0.937045514731,3775.56
2014-06-16,1000000.0,1000000.0,,0.0,44.3804063375,0.939132335328,3779.93
2014-06-17,1000000.0,1000000.0,,0.0,40.5358742168,0.920396198142,3781.32
2014-06-18,1000000.0,1000000.0,,0.0,51.9349524255,0.915030900885,3804.61
2014-06-19,1000000.0,1000000.0,,0.0,44.1487066281,0.944577850354,3800.8
2014-06-20,1000000.0,1000000.0,,0.0,36.719923253,0.920886017179,3802.64
2014-06-23,1000000.0,1000000.0,,0.0,35.6660189624,0.977573812584,3805.31
2014-06-24,1000000.0,1000000.0,,0.0,53.6211802339,0.969601772056,3799.53
2014-06-25,1000000.0,1000000.0,,0.0,50.2593768612,0.968571949394,3827.33
2014-06-26,1000000.0,1000000.0,,0.0,44.8088921905,0.963868133526,3826.91
2014-06-27,1000000.0,1000000.0,,0.0,40.9974691043,0.965856801072,3844.44
2014-06-30,1000000.0,1000000.0,,0.0,39.5682749807,0.972177442441,3849.48
2014-07-01,1000000.0,1000000.0,,0.0,49.971873482,0.978433495024,3894.33
2014-07-02,1000000.0,1000000.0,,1.0,36.8358458896,0.995440046778,3899.27
2014-07-03,1000000.0,1000000.0,,1.0,42.1730156032,0.997822288715,3923.01
2014-07-07,1000000.0,1000000.0,,1.0,39.8713821882,0.997434689381,3910.71
2014-07-08,1000000.0,1000000.0,,1.0,62.0729695262,0.986212940531,3864.07
2014-07-09,1000000.0,1000000.0,,1.0,46.8997388627,0.983120417267,3892.91
2014-07-10,1000000.0,1000000.0,,1.0,59.9355721404,0.97875556555,3880.04
2014-07-11,1000000.0,1000000.0,,1.0,43.1589810351,0.990652379365,3904.58
2014-07-14,1000000.0,1000000.0,,1.0,46.8151529034,0.997551505397,3929.46
2014-07-15,1000000.0,1000000.0,,1.0,57.0234966124,0.994218816078,3914.45
2014-07-16,1000000.0,1000000.0,,1.0,46.6821946159,0.993157342515,3932.33
2014-07-17,1000000.0,1000000.0,,0.0,64.413534163,0.978345115307,3878.01
2014-07-18,1000000.0,1000000.0,,0.0,62.4810142573,0.981010874972,3939.89
2014-07-21,1000000.0,1000000.0,,0.0,42.0596271979,0.973390107478,3934.14
2014-07-22,1000000.0,1000000.0,,0.0,46.0904253498,0.973102470411,3961.62
2014-07-23,1000000.0,1000000.0,,0.0,44.6009442893,0.966781557205,3986.19
2014-07-24,1000000.0,1000000.0,,1.0,40.9586219429,0.971337996737,3983.19
2014-07-25,1000000.0,1000000.0,,1.0,49.3550280019,0.946488668767,3965.16
2014-07-28,1000000.0,1000000.0,,1.0,50.4632117673,0.94716570587,3967.24
2014-07-29,1000000.0,1000000.0,,1.0,43.312292844,0.943793037905,3959.03
2014-07-30,1000000.0,1000000.0,,1.0,45.2758824027,0.956982244563,3976.07
2014-07-31,1000000.0,1000000.0,,0.0,74.2485324388,0.820544017782,3892.5
2014-08-01,1000000.0,1000000.0,,0.0,56.824000875,0.741303500023,3879.67
2014-08-04,1000000.0,1000000.0,,0.0,53.8957731281,0.760253671769,3908.77
2014-08-05,1000000.0,1000000.0,,0.0,55.3699319572,0.68752952452,3874.94
2014-08-06,1000000.0,1000000.0,,0.0,53.9083074448,0.675276540328,3874.27
2014-08-07,1000000.0,1000000.0,,0.0,55.5378104749,0.646227541848,3857.94
2014-08-08,1000000.0,1000000.0,,0.0,51.2507720606,0.776148738134,3888.09
2014-08-11,1000000.0,1000000.0,,0.0,46.6527387342,0.792286226914,3910.46
2014-08-12,1000000.0,1000000.0,,0.0,44.6193971866,0.775608793872,3905.22
2014-08-13,1000000.0,1000000.0,,0.0,52.417184364,0.834939508183,3949.2
2014-08-14,1000000.0,1000000.0,,0.0,40.016591033,0.82946841577,3969.11
2014-08-15,1000000.0,1000000.0,,0.0,53.0584037642,0.858178653278,3987.51
2014-08-18,1000000.0,1000000.0,,1.0,47.5133986789,0.88974873264,4020.5
2014-08-19,1000000.0,1000000.0,,1.0,40.4258442889,0.90490380052,4040.13
2014-08-20,1000000.0,1000000.0,,1.0,37.3332384243,0.911054296654,4040.7
2014-08-21,1000000.0,1000000.0,,1.0,36.5536259728,0.891806710061,4047.03
2014-08-22,1000000.0,1000000.0,,1.0,40.4048421574,0.897848309392,4052.75
2014-08-25,1000000.0,1000000.0,,1.0,43.490479054,0.894491728319,4067.48
2014-08-26,1000000.0,1000000.0,,1.0,37.0432980603,0.893385373062,4071.67
2014-08-27,1000000.0,1000000.0,,1.0,37.3337164812,0.84854658762,4073.18
2014-08-28,1000000.0,1000000.0,,1.0,39.5818154495,0.832093763941,4066.27
2014-08-29,1000000.0,1000000.0,,1.0,40.7075420729,0.821292727707,4082.56
2014-09-02,1000000.0,1000000.0,,1.0,39.2440422141,0.856776155754,4095.81
2014-09-03,1000000.0,1000000.0,,1.0,50.9660490848,0.891727281094,4070.96
2014-09-04,1000000.0,1000000.0,,1.0,52.5726374124,0.852512817158,4066.13
2014-09-05,1000000.0,1000000.0,,1.0,49.5351264716,0.895958449377,4089.92
2014-09-08,1000000.0,1000000.0,,1.0,44.782066061,0.875462661277,4095.46
2014-09-09,1000000.0,1000000.0,,1.0,59.3788042081,0.787374608087,4061.88
2014-09-10,1000000.0,1000000.0,,1.0,51.0342383874,0.856727783208,4094.97
2014-09-11,1000000.0,1000000.0,,1.0,47.3170272689,0.82912989012,4092.65
2014-09-12,1000000.0,1000000.0,,1.0,47.80803588,0.884282868401,4069.23
2014-09-15,1000000.0,1000000.0,,1.0,56.6182824409,0.72452914711,4029.89
2014-09-16,1000000.0,1000000.0,,1.0,61.9116085129,0.802086892138,4067.27
2014-09-17,1000000.0,1000000.0,,1.0,51.3118882011,0.765311765126,4073.57
2014-09-18,1000000.0,1000000.0,,1.0,44.9268510971,0.772335309983,4103.08
2014-09-19,1000000.0,1000000.0,,1.0,47.2352314243,0.772520607788,4100.09
2014-09-22,1000000.0,1000000.0,,1.0,57.7106663856,0.728474947151,4061.23
2014-09-23,1000000.0,1000000.0,,1.0,42.5199810816,0.703901127594,4051.57
2014-09-24,1000000.0,1000000.0,,1.0,56.5350972829,0.79400073369,4094.31
2014-09-25,1000000.0,1000000.0,,0.0,73.3042400878,0.575936092055,4007.82
2014-09-26,1000000.0,1000000.0,,0.0,54.5793674334,0.830823446299,4053.72
2014-09-29,1000000.0,1000000.0,,0.0,53.6749493537,0.841109671741,4047.18
2014-09-30,1000000.0,1000000.0,,0.0,49.0301795255,0.802359662843,4049.44
2014-10-01,1000000.0,1000000.0,,0.0,64.9929295273,0.740483396239,3984.74
2014-10-02,1000000.0,1000000.0,,0.0,60.0348403363,0.74378659156,3985.87
2014-10-03,1000000.0,1000000.0,,0.0,56.8351722307,0.831976758196,4027.31
2014-10-06,1000000.0,1000000.0,,0.0,50.6070383732,0.770082874903,4016.27
2014-10-07,1000000.0,1000000.0,,0.0,58.5618775357,0.610822162134,3958.59
2014-10-08,1000000.0,1000000.0,,0.0,84.3078170201,0.753848150833,4041.12
2014-10-09,1000000.0,1000000.0,,0.0,66.8059975878,0.547964521961,3969.32
2014-10-10,983345.42712733161,0.0,True,0.0,77.4073488253,0.346208912732,3870.85
2014-10-13,986042.6149539469,986042.6149539469,True,0.0,70.9253606361,0.234230032379,3808.0
2014-10-14,986042.6149539469,986042.6149539469,True,0.0,57.8678906233,0.195084455948,3810.45
2014-10-15,986042.6149539469,986042.6149539469,True,0.0,81.3615141312,0.147676681405,3785.97
2014-10-16,986042.6149539469,986042.6149539469,True,0.0,71.3322657204,0.127981508141,3765.28
2014-10-17,986042.6149539469,986042.6149539469,True,0.0,68.6291639998,0.179602711183,3815.47
2014-10-20,986042.6149539469,986042.6149539469,True,0.0,60.9233300603,0.245262543404,3870.08
2014-10-21,986042.6149539469,986042.6149539469,True,0.0,76.0974394846,0.377860739218,3971.39
2014-10-22,986042.6149539469,986042.6149539469,False,1.0,48.2388881724,0.343114092597,3949.59
2014-10-23,979251.41102498141,0.0,False,1.0,67.3169720389,0.430011919705,4012.27
2014-10-24,988608.5264055134,0.0,False,1.0,48.7150136836,0.480613063215,4042.02
2014-10-27,988331.58181981917,0.0,False,1.0,44.8483571816,0.46385487277,4046.02
2014-10-28,1007178.0501864176,0.0,False,1.0,57.5931739688,0.528410848576,4106.63
2014-10-29,997367.04762206273,0.0,False,1.0,49.8774322834,0.540162871234,4090.55
2014-10-30,1013731.5636037266,0.0,False,1.0,50.070735236,0.559907874275,4100.64
2014-10-31,1024073.6399011334,0.0,False,1.0,61.3289206404,0.60205621435,4158.21
2014-11-03,1020017.2004505335,0.0,False,1.0,39.8632170392,0.60878551403,4169.28
2014-11-04,1025405.0457685068,0.0,False,1.0,49.0001685801,0.635453375848,4156.23
2014-11-05,1011294.1115635242,0.0,False,1.0,47.6436119201,0.590094596314,4153.27
2014-11-06,1028211.4128767001,0.0,False,1.0,44.0176389863,0.606726011526,4164.08
2014-11-07,1039639.1474888494,0.0,False,1.0,43.3917471287,0.632349213774,4160.5
2014-11-10,1056606.91361301,0.0,False,1.0,42.6587041764,0.700328603179,4175.95
2014-11-11,1053099.3567630721,0.0,False,1.0,39.7060352721,0.66921243422,4187.16
2014-11-12,1058489.1868496882,0.0,False,1.0,41.6564296894,0.671298163879,4195.4
2014-11-13,1039960.6920560852,0.0,False,1.0,45.4943417958,0.656933770901,4213.49
2014-11-14,1045168.0243941323,0.0,False,1.0,41.9734311554,0.674376420251,4224.99
2014-11-17,1044423.712295284,0.0,False,1.0,44.1389039629,0.709502892097,4213.79
2014-11-18,1045194.8232563015,0.0,False,1.0,45.684474666,0.751063706579,4242.19
2014-11-19,1051142.8820189997,0.0,False,1.0,47.4183097418,0.680609988998,4222.66
2014-11-20,1049864.4891389804,0.0,False,1.0,49.6725783107,0.808988774154,4242.09
2014-11-21,1056364.5332116464,0.0,False,1.0,52.1034235243,0.772320530978,4251.32
2014-11-24,1059086.5283078763,0.0,False,1.0,45.3910220005,0.811273667435,4284.32
2014-11-25,1062619.471641012,0.0,False,1.0,39.9428860081,0.812699663615,4288.23
2014-11-26,1067030.0340448958,0.0,False,1.0,44.2379522922,0.89741954545,4317.99
2014-11-28,1075274.0626735557,0.0,False,1.0,43.3261932092,0.908437112346,4337.78
2014-12-01,1059038.2964521032,0.0,False,1.0,56.817022915,0.838086266423,4287.81
2014-12-02,1054368.9023841189,0.0,False,1.0,43.2104116333,0.862818066886,4305.96
2014-12-03,1053289.6406732553,0.0,False,1.0,44.6066550438,0.915629066778,4312.93
2014-12-04,1049196.9573552806,0.0,False,1.0,45.3687233083,0.864869320187,4311.93
2014-12-05,1054867.1380926543,0.0,False,1.0,40.1029956081,0.929210930354,4311.57
2014-12-08,1050631.7058423772,0.0,False,1.0,58.265719094,0.975153852196,4278.34
2014-12-09,1055589.2802658675,0.0,False,1.0,67.0520529784,0.993884844741,4294.67
2014-12-10,1034876.22382592,0.0,False,1.0,65.8822803954,0.978372686565,4224.87
2014-12-11,1055948.9244581275,0.0,False,1.0,62.8647178543,0.988261848326,4246.48
2014-12-12,1042753.4359200881,0.0,False,1.0,55.0972402603,0.982560313501,4199.28
2014-12-15,1024128.4613700903,0.0,False,1.0,71.26248703,0.95261514945,4157.41
2014-12-16,1014477.0066306421,0.0,False,1.0,75.5029627569,0.855519733598,4089.6
2014-12-17,1040491.5180239376,0.0,False,1.0,68.7826491888,0.835791620181,4165.1
2014-12-18,1071027.1454663714,0.0,False,1.0,75.308951354,0.923768651871,4267.77
2014-12-19,1075478.3859527861,0.0,False,1.0,48.57274106,0.894380896001,4281.78
2014-12-22,1066093.2701374935,0.0,False,1.0,40.9209664292,0.879289000856,4293.67
2014-12-23,1031378.353321735,0.0,False,1.0,45.2669353351,0.861212414843,4279.3
2014-12-24,1034565.6929017075,0.0,False,1.0,38.7633867873,0.803035808847,4283.1
2014-12-26,1046924.216935761,0.0,False,1.0,47.5422925057,0.85700469002,4314.09
2014-12-29,1053374.8055092623,0.0,False,1.0,36.6285797474,0.844352832154,4312.64
2014-12-30,1044295.7150144544,0.0,False,1.0,45.6519989788,0.730871930618,4282.35
2014-12-31,1040464.1385741669,0.0,False,1.0,62.4919340147,0.632112740755,4236.28
2015-01-02,1049307.8878431807,0.0,False,1.0,61.067615967,0.644884234244,4230.24
2015-01-05,1050614.1539146462,0.0,False,1.0,64.4743508175,0.52403895454,4160.96
2015-01-06,1043039.5832229018,0.0,True,0.0,67.6656810659,0.417559203045,4110.83
2015-01-07,1051030.0621623828,1051030.0621623828,True,0.0,56.1091146795,0.509931691403,4160.0
2015-01-08,1051030.0621623828,1051030.0621623828,False,0.0,68.4659586877,0.612898029762,4240.55
2015-01-09,1042339.3194783567,5.8207660913467407e-11,False,0.0,58.7190085766,0.552816997944,4213.28
2015-01-12,1047365.2627930902,5.8207660913467407e-11,False,0.0,58.8486485805,0.471644905383,4169.97
2015-01-13,1051977.3170643579,5.8207660913467407e-11,False,0.0,80.464424677,0.437396394932,4166.2
2015-01-14,1051557.3612472257,5.8207660913467407e-11,True,-1.0,55.1361403528,0.388604988258,4145.84
2015-01-15,1057464.4955514369,1057464.4955514369,True,-1.0,65.8697826619,0.325596198008,4089.65
2015-01-16,1057464.4955514369,1057464.4955514369,True,-1.0,57.7758690584,0.36387425676,4142.14
2015-01-20,1057464.4955514369,1057464.4955514369,True,-1.0,57.5686527666,0.435208038548,4171.21
2015-01-21,1057464.4955514369,1057464.4955514369,True,-1.0,58.5044422819,0.437754861288,4192.09
2015-01-22,1057464.4955514369,1057464.4955514369,True,0.0,73.3773443081,0.539561430729,4270.36
2015-01-23,1057464.4955514369,1057464.4955514369,True,0.0,45.0740627651,0.503813814219,4278.14
2015-01-26,1057464.4955514369,1057464.4955514369,True,0.0,42.4182830938,0.494834870736,4275.72
2015-01-27,1057464.4955514369,1057464.4955514369,True,0.0,83.6258275992,0.316454966187,4165.5
2015-01-28,1057464.4955514369,1057464.4955514369,True,0.0,70.6403403859,0.26489603849,4140.38
2015-01-29,1057464.4955514369,1057464.4955514369,True,0.0,66.670012621,0.37283690664,4181.35
2015-01-30,1057464.4955514369,1057464.4955514369,True,0.0,58.214686356,0.310308435786,4148.43
2015-02-02,1057464.4955514369,1057464.4955514369,True,-1.0,70.1447102586,0.353187899826,4188.59
2015-02-03,1057464.4955514369,1057464.4955514369,True,-1.0,53.6100488677,0.407093614385,4229.15
2015-02-04,1057464.4955514369,1057464.4955514369,True,-1.0,51.5615274939,0.397453392032,4221.2
2015-02-05,1057464.4955514369,1057464.4955514369,True,0.0,46.423321563,0.485054830484,4256.18
2015-02-06,1057464.4955514369,1057464.4955514369,True,0.0,54.1464852918,0.428671162151,4228.68
2015-02-09,1057464.4955514369,1057464.4955514369,True,0.0,42.5301572693,0.501696995936,4216.09
2015-02-10,1057464.4955514369,1057464.4955514369,True,0.0,60.0291922084,0.558704813166,4281.15
2015-02-11,1057464.4955514369,1057464.4955514369,False,0.0,42.2828353558,0.640184404118,4297.28
2015-02-12,1057869.2147569524,-5.8207660913467407e-11,False,0.0,51.9099448243,0.746659587511,4347.97
2015-02-13,1064944.7215854048,-5.8207660913467407e-11,False,0.0,45.7734808788,0.849625192988,4384.03
2015-02-17,1075147.1667658403,-5.8207660913467407e-11,False,0.0,37.7172972462,0.788340009769,4385.34
2015-02-18,1085963.9493289602,-5.8207660913467407e-11,False,0.0,38.7242552105,0.686482134178,4390.91
2015-02-19,1089662.6846771955,-5.8207660913467407e-11,False,0.0,42.2816925381,0.694630136597,4411.86
2015-02-20,1110507.9287243625,-5.8207660913467407e-11,False,0.0,50.4738812249,0.717271531659,4443.05
2015-02-23,1118679.7677860186,-5.8207660913467407e-11,False,0.0,38.7649017501,0.742890191954,4449.49
2015-02-24,1113518.7833259592,-5.8207660913467407e-11,False,0.0,42.1897969017,0.740098770753,4451.03
2015-02-25,1131680.9203695985,-5.8207660913467407e-11,False,0.0,44.0848109261,0.689122748291,4440.59
2015-02-26,1142915.1165816344,-5.8207660913467407e-11,False,0.0,44.8872803155,0.717530766376,4462.27
2015-02-27,1131975.2310413769,-5.8207660913467407e-11,False,0.0,43.0445498941,0.729961623232,4440.67
2015-03-02,1152990.1415210404,-5.8207660913467407e-11,False,0.0,44.8873103984,0.827601498423,4483.05
2015-03-03,1139721.6609033388,-5.8207660913467407e-11,False,0.0,51.7334499753,0.809594527189,4458.78
2015-03-04,1147464.5038637791,-5.8207660913467407e-11,False,0.0,46.8558142578,0.871786638494,4445.36
2015-03-05,1172637.7168635812,-5.8207660913467407e-11,False,0.0,43.8835246244,0.918669570996,4452.06
2015-03-06,1162346.219137921,-5.8207660913467407e-11,False,0.0,57.7712421493,0.836860566838,4399.23
2015-03-09,1164768.6601261636,-5.8207660913467407e-11,False,0.0,44.7031560563,0.771784728082,4412.99
2015-03-10,1155301.4116834786,-5.8207660913467407e-11,False,0.0,65.7955311444,0.688440386093,4329.08
2015-03-11,1158389.0771446335,0.0,True,-1.0,47.0683170909,0.719222417111,4305.38
2015-03-12,1158576.426047029,1158576.426047029,True,-1.0,46.976888009,0.762789034769,4336.23
2015-03-13,1158576.426047029,1158576.426047029,True,-1.0,55.2665833939,0.762607066849,4314.9
2015-03-16,1158576.426047029,1158576.426047029,True,-1.0,54.3731053508,0.880710069944,4370.47
2015-03-17,1158576.426047029,1158576.426047029,True,-1.0,45.5239866936,0.841233592929,4375.63
2015-03-18,1158576.426047029,1158576.426047029,True,-1.0,70.4066132757,0.854223578989,4422.5
2015-03-19,1158576.426047029,1158576.426047029,True,-1.0,39.2209971722,0.838148468686,4426.82
2015-03-20,1158576.426047029,1158576.426047029,True,-1.0,52.2192421605,0.794647407456,4458.54
2015-03-23,1158576.426047029,1158576.426047029,True,-1.0,39.5309568852,0.768478642344,4445.54
2015-03-24,1158576.426047029,1158576.426047029,True,-1.0,46.0456228269,0.752500805808,4430.99
2015-03-25,1158576.426047029,1158576.426047029,False,0.0,76.8829582663,0.77432633383,4329.29
2015-03-26,1178902.2275178561,-5.8207660913467407e-11,False,0.0,54.9182403875,0.791060511621,4315.26
2015-03-27,1235941.3542485568,-5.8207660913467407e-11,False,0.0,44.3913260314,0.761112470741,4332.86
2015-03-30,1252707.420457493,-5.8207660913467407e-11,False,0.0,51.6773935836,0.858415457711,4382.82
2015-03-31,1221993.1076127356,-5.8207660913467407e-11,False,0.0,50.7375355081,0.747943104033,4333.69
2015-04-01,1213729.4395326483,-5.8207660913467407e-11,False,0.0,51.253735252,0.652430427431,4311.26
2015-04-02,1206647.0109650861,-5.8207660913467407e-11,False,0.0,40.9347544734,0.67330535821,4316.01
2015-04-06,1201956.6018966283,-5.8207660913467407e-11,False,0.0,62.2386703403,0.672124684805,4350.98
2015-04-07,1211823.6766675008,-5.8207660913467407e-11,False,0.0,45.1043042971,0.706508054634,4344.08
2015-04-08,1220306.2263345984,-5.8207660913467407e-11,False,0.0,46.2883451698,0.769308434901,4375.96
2015-04-09,1228945.258652667,-5.8207660913467407e-11,False,0.0,48.5409614492,0.720846990743,4403.95
2015-04-10,1234822.7561105259,-5.8207660913467407e-11,False,0.0,41.9243847957,0.722982255854,4422.02
2015-04-13,1238071.9128419892,-5.8207660913467407e-11,False,1.0,47.2222523179,0.621057599628,4409.21
2015-04-14,1221263.5775421753,-5.8207660913467407e-11,False,1.0,48.2721515004,0.534793968079,4397.64
2015-04-15,1228163.9638153298,-5.8207660913467407e-11,False,1.0,45.7056243979,0.581414328539,4424.53
2015-04-16,1232605.2907616103,-5.8207660913467407e-11,False,1.0,37.7000125045,0.560879090258,4418.83
2015-04-17,1215145.07853051,-5.8207660913467407e-11,False,1.0,65.3905104815,0.403743368454,4351.8
2015-04-20,1236837.7266149377,-5.8207660913467407e-11,False,1.0,59.6930654165,0.466531391627,4417.4
2015-04-21,1257365.064173765,-5.8207660913467407e-11,False,1.0,42.8586755735,0.487336223174,4435.98
2015-04-22,1269690.3728885255,-5.8207660913467407e-11,False,1.0,49.4859391703,0.526677949739,4460.81
2015-04-23,1260109.8751723757,-5.8207660913467407e-11,False,1.0,51.2897330678,0.571052551754,4477.07
2015-04-24,1241616.1126559537,-5.8207660913467407e-11,False,1.0,57.3431029983,0.628733102288,4536.78
2015-04-27,1226731.6275027846,0.0,False,1.0,48.8471025343,0.644579366699,4525.04
2015-04-28,1217829.1800273112,0.0,False,1.0,53.8147344014,0.563141131558,4515.27
2015-04-29,1216388.9290314664,0.0,False,1.0,51.6575698322,0.558733152747,4488.15
2015-04-30,1195582.2672202522,0.0,False,1.0,68.0588183427,0.461275854442,4414.25
2015-05-01,1218913.5719652029,0.0,False,1.0,47.7404565323,0.552430115341,4479.06
2015-05-04,1225952.4385139158,0.0,False,1.0,42.6936629495,0.639355350876,4482.61
2015-05-05,1209563.1498112418,0.0,False,1.0,60.7783337386,0.505958288867,4409.39
2015-05-06,1221585.9759222593,0.0,True,0.0,62.5782483416,0.592177374399,4379.75
2015-05-07,1226096.8637971417,1226096.8637971417,False,0.0,46.2730814551,0.662295657519,4401.55
2015-05-08,1228555.9816931952,0.0,False,0.0,56.1602038929,0.695771224796,4458.65
2015-05-11,1233646.6618488566,0.0,False,0.0,42.3639288789,0.698515844232,4438.64
2015-05-12,1230761.8930281547,0.0,False,0.0,54.5616239517,0.591127997974,4420.65
2015-05-13,1224846.1143698904,0.0,False,0.0,45.8969137571,0.592203781645,4426.56
2015-05-14,1262423.4663668324,0.0,False,0.0,58.1155948817,0.622377252715,4495.04
2015-05-15,1269546.3510332769,0.0,False,0.0,40.3182640417,0.614772749266,4494.29
2015-05-18,1284998.1846831969,0.0,False,1.0,44.79921514,0.594996314098,4512.95
2015-05-19,1285498.4279334461,0.0,False,1.0,39.1112819019,0.600981132777,4503.72
2015-05-20,1287307.650548317,0.0,False,1.0,49.8989024811,0.625579181651,4505.3
2015-05-21,1293805.4594462211,0.0,False,1.0,46.8089211937,0.815210972186,4529.47
2015-05-22,1338416.1883444979,0.0,False,1.0,37.7930119965,0.82956444381,4527.16
2015-05-26,1315301.5320163495,0.0,False,1.0,58.5713672593,0.733944725726,4472.96
2015-05-27,1328656.9082859701,0.0,False,1.0,61.8185094459,0.757684626482,4546.06
2015-05-28,1318567.6504645695,0.0,False,1.0,39.757433261,0.811483303921,4535.66
2015-05-29,1317437.5893210652,0.0,False,1.0,45.9656485468,0.806571801104,4508.25
2015-06-01,1336117.6312249375,0.0,False,1.0,48.9693049596,0.816042691148,4521.85
2015-06-02,1316616.161385728,0.0,True,0.0,47.9393233975,0.758156642524,4508.89
2015-06-03,1320977.9860009747,1320977.9860009747,False,0.0,42.0487043836,0.781284156097,4519.86
2015-06-04,1324010.5047150312,0.0,False,0.0,50.5176549504,0.691128336315,4487.03
2015-06-05,1333991.0541290387,0.0,False,0.0,46.3309204224,0.632604209995,4477.19
2015-06-08,1309797.5492102993,0.0,False,0.0,51.5894973638,0.526230089601,4431.51
2015-06-09,1318644.8946417612,0.0,False,0.0,49.4958480195,0.54126840948,4427.61
2015-06-10,1344005.3855454663,0.0,False,0.0,58.0620969716,0.650341011938,4485.46
2015-06-11,1349388.3974179651,0.0,False,0.0,40.3170408494,0.613674730804,4488.47
2015-06-12,1341887.1436777299,0.0,False,0.0,45.1653079928,0.567222118826,4453.79
2015-06-15,1329171.4150808717,0.0,True,-1.0,52.8290725957,0.64540456651,4432.92
2015-06-16,1327462.4267569415,1327462.4267569415,True,-1.0,44.0310802579,0.57694116799,4455.9
2015-06-17,1327462.4267569415,1327462.4267569415,True,-1.0,45.6369279813,0.567321057376,4468.98
2015-06-18,1327462.4267569415,1327462.4267569415,False,0.0,58.6705566238,0.627348255675,4531.85
2015-06-19,1306547.1668192982,-1.1641532182693481e-10,False,0.0,40.1434893015,0.570827338547,4513.42
2015-06-22,1326171.0047785728,-1.1641532182693481e-10,False,0.0,47.0915496312,0.522248988391,4544.04
2015-06-23,1332616.1902375217,-1.1641532182693481e-10,False,0.0,37.4435630525,0.550235979639,4548.74
2015-06-24,1321671.6765280957,-1.1641532182693481e-10,False,1.0,44.2068210143,0.525824555124,4524.6
2015-06-25,1310927.5657054898,-1.1641532182693481e-10,False,1.0,44.1474248549,0.554292818095,4514.01
2015-06-26,1297420.6008711942,-1.1641532182693481e-10,False,1.0,51.4645195012,0.63488094213,4484.28
2015-06-29,1268412.2752550193,-1.1641532182693481e-10,True,0.0,73.2979188627,0.343563598173,4379.86
2015-06-30,1286609.5674425941,1286609.5674425941,True,0.0,45.3465426855,0.365748148242,4396.76
2015-07-01,1286609.5674425941,1286609.5674425941,True,0.0,43.6356347079,0.545135508742,4429.23
2015-07-02,1286609.5674425941,1286609.5674425941,False,0.0,40.3072545906,0.605655359013,4433.39
2015-07-06,1309852.7347384149,5.8207660913467407e-11,False,0.0,49.3666269141,0.540588607426,4418.66
2015-07-07,1309515.119324601,5.8207660913467407e-11,False,0.0,66.2913885511,0.454045039511,4429.06
2015-07-08,1283922.291710733,5.8207660913467407e-11,True,-1.0,62.7609345199,0.358016902371,4351.58
2015-07-09,1307542.9900024601,1307542.9900024601,True,-1.0,54.5231383358,0.388550781635,4352.03
2015-07-10,1307542.9900024601,1307542.9900024601,True,-1.0,62.3778991231,0.499400628272,4420.15
2015-07-13,1307542.9900024601,1307542.9900024601,True,0.0,60.8392809774,0.509382326174,4494.47
2015-07-14,1307542.9900024601,1307542.9900024601,True,0.0,46.0318491651,0.557906436796,4523.47
2015-07-15,1307542.9900024601,1307542.9900024601,True,0.0,40.6888224234,0.535524205142,4528.36
2015-07-16,1307542.9900024601,1307542.9900024601,False,0.0,55.9912759732,0.650036396263,4594.9
2015-07-17,1297559.8930436885,5.8207660913467407e-11,False,1.0,55.9492034413,0.731873248744,4661.6
2015-07-20,1287335.550292606,5.8207660913467407e-11,False,1.0,43.3177872267,0.723711113836,4679.68
2015-07-21,1284605.263663087,5.8207660913467407e-11,False,1.0,38.6235823178,0.72007746954,4674.41
2015-07-22,1282445.2652584484,5.8207660913467407e-11,False,1.0,57.3572779218,0.72679890486,4623.24
2015-07-23,1287994.6740974686,5.8207660913467407e-11,False,1.0,48.733426551,0.599168687986,4602.83
2015-07-24,1258850.3988494354,5.8207660913467407e-11,False,1.0,61.3166869926,0.544625379172,4557.37
2015-07-27,1220697.2153914443,0.0,False,1.0,47.2840090777,0.527795364343,4519.09
2015-07-28,1221407.2663269583,0.0,False,1.0,54.5079353341,0.569645908936,4560.23
2015-07-29,1228741.5833127848,0.0,False,1.0,42.5798134084,0.620630103409,4581.6
2015-07-30,1231404.7050729524,0.0,False,1.0,56.0514984619,0.628938835514,4598.59
2015-07-31,1236459.3483405255,0.0,True,0.0,41.9091715287,0.663675378516,4588.91
2015-08-03,1240216.6879868603,1240216.6879868603,False,0.0,52.9622420487,0.665970924234,4580.46
2015-08-04,1281333.9850395187,5.8207660913467407e-11,False,0.0,42.1004667917,0.714920098517,4567.47
2015-08-05,1300715.2957629035,5.8207660913467407e-11,False,0.0,57.1997178342,0.762369880817,4602.24
2015-08-06,1286757.1092228189,5.8207660913467407e-11,False,0.0,72.9806252005,0.57704754226,4528.51
2015-08-07,1272518.3315560033,5.8207660913467407e-11,False,0.0,48.4157628478,0.559639598528,4520.08
2015-08-10,1282444.0766260126,5.8207660913467407e-11,False,0.0,55.5827874343,0.685891638478,4573.11
2015-08-11,1250763.2023318994,5.8207660913467407e-11,False,0.0,63.6341744631,0.630936417258,4513.99
2015-08-12,1237962.2442657149,5.8207660913467407e-11,True,-1.0,72.1877554941,0.618164740311,4528.19
2015-08-13,1232190.6099297511,1232190.6099297511,True,-1.0,45.968394158,0.586284595806,4519.32
2015-08-14,1232190.6099297511,1232190.6099297511,True,-1.0,42.0292629693,0.509344980662,4530.74
2015-08-17,1232190.6099297511,1232190.6099297511,True,-1.0,54.1300191051,0.590814745796,4566.37
2015-08-18,1232190.6099297511,1232190.6099297511,True,-1.0,41.1612475526,0.508095081427,4542.07
2015-08-19,1232190.6099297511,1232190.6099297511,True,-1.0,55.8622262267,0.453900417999,4510.9
2015-08-20,1232190.6099297511,1232190.6099297511,True,-1.0,81.2349049782,0.324437317669,4385.13
2015-08-21,1232190.6099297511,1232190.6099297511,True,-1.0,102.856924666,0.183554014963,4197.27
2015-08-24,1232190.6099297511,1232190.6099297511,True,0.0,149.149303768,0.119486779035,4038.6
2015-08-25,1232190.6099297511,1232190.6099297511,True,0.0,86.4283897517,0.157606833641,4016.32
2015-08-26,1232190.6099297511,1232190.6099297511,True,0.0,89.9874184201,0.354699578052,4219.6
2015-08-27,1232190.6099297511,1232190.6099297511,True,0.0,63.6232100148,0.425580677041,4324.82
2015-08-28,1232190.6099297511,1232190.6099297511,True,0.0,47.158672001,0.425794914798,4329.12
2015-08-31,1232190.6099297511,1232190.6099297511,True,0.0,52.7172744976,0.390900700429,4274.58
2015-09-01,1232190.6099297511,1232190.6099297511,True,0.0,62.9541282357,0.281681017739,4142.63
2015-09-02,1232190.6099297511,1232190.6099297511,True,0.0,64.3537726352,0.43972841383,4256.23
2015-09-03,1232190.6099297511,1232190.6099297511,True,0.0,55.2099540472,0.421094588956,4234.65
2015-09-04,1232190.6099297511,1232190.6099297511,True,0.0,54.218343454,0.324861125089,4184.72
2015-09-08,1232190.6099297511,1232190.6099297511,True,0.0,66.1370078447,0.36728656339,4303.53
2015-09-09,1232190.6099297511,1232190.6099297511,True,0.0,63.1381546259,0.308179733129,4253.45
2015-09-10,1232190.6099297511,1232190.6099297511,True,0.0,55.8388576974,0.337970289602,4296.3
2015-09-11,1232190.6099297511,1232190.6099297511,True,0.0,49.0979183095,0.309421095111,4323.23
2015-09-14,1232190.6099297511,1232190.6099297511,True,0.0,45.5423113984,0.25287941022,4308.76
2015-09-15,1232190.6099297511,1232190.6099297511,True,0.0,52.6095461867,0.278230925401,4360.28
2015-09-16,1232190.6099297511,1232190.6099297511,True,0.0,45.6411032135,0.298622618412,4383.67
2015-09-17,1232190.6099297511,1232190.6099297511,True,0.0,55.7429939497,0.334160514096,4384.96
2015-09-18,1232190.6099297511,1232190.6099297511,True,0.0,52.1551462486,0.304493992432,4323.86
2015-09-21,1232190.6099297511,1232190.6099297511,True,0.0,53.275532232,0.34536543258,4336.13
2015-09-22,1232190.6099297511,1232190.6099297511,True,0.0,60.7176784714,0.326726610965,4274.1
2015-09-23,1232190.6099297511,1232190.6099297511,True,0.0,44.8424179091,0.296528060282,4273.53
2015-09-24,1232190.6099297511,1232190.6099297511,True,0.0,54.4239468073,0.272980720978,4261.1
2015-09-25,1232190.6099297511,1232190.6099297511,True,0.0,62.5023068415,0.237722662098,4224.74
2015-09-28,1232190.6099297511,1232190.6099297511,True,0.0,68.0424377865,0.177484863335,4103.47
2015-09-29,1232190.6099297511,1232190.6099297511,True,0.0,60.3899501926,0.170717529878,4083.37
2015-09-30,1232190.6099297511,1232190.6099297511,True,0.0,59.1918962086,0.242143419947,4181.06
2015-10-01,1232190.6099297511,1232190.6099297511,True,0.0,51.2746095105,0.22907746261,4192.96
2015-10-02,1232190.6099297511,1232190.6099297511,True,0.0,70.3221535811,0.326285001811,4267.45
2015-10-05,1232190.6099297511,1232190.6099297511,True,0.0,52.7069031631,0.380717912876,4331.43
2015-10-06,1232190.6099297511,1232190.6099297511,True,0.0,49.4221658986,0.325190765767,4306.7
2015-10-07,1232190.6099297511,1232190.6099297511,True,0.0,50.6527778639,0.385240810407,4333.46
2015-10-08,1232190.6099297511,1232190.6099297511,True,0.0,55.3487511004,0.387567700737,4350.15
2015-10-09,1232190.6099297511,1232190.6099297511,True,0.0,43.9381846577,0.40911720814,4370.01
2015-10-12,1232190.6099297511,1232190.6099297511,True,0.0,41.1956909095,0.410266888714,4382.56
2015-10-13,1232190.6099297511,1232190.6099297511,True,0.0,47.403955847,0.36246816415,4352.94
2015-10-14,1232190.6099297511,1232190.6099297511,True,0.0,45.855606562,0.375039288033,4346.92
2015-10-15,1232190.6099297511,1232190.6099297511,True,0.0,52.4693198427,0.45271657504,4418.22
2015-10-16,1232190.6099297511,1232190.6099297511,True,0.0,42.8859955823,0.563901972528,4438.62
2015-10-19,1232190.6099297511,1232190.6099297511,False,0.0,45.7025655073,0.735012109763,4462.07
2015-10-20,1217125.7898217556,-5.8207660913467407e-11,False,0.0,44.44959555,0.842493302013,4438.18
2015-10-21,1205686.2071998757,-5.8207660913467407e-11,False,0.0,48.5063417674,0.842389658493,4413.52
2015-10-22,1231789.8307227541,-5.8207660913467407e-11,False,0.0,57.5608406356,0.785443113879,4503.22
2015-10-23,1281826.2371548582,-5.8207660913467407e-11,False,0.0,70.2013024342,0.790269069471,4624.09
2015-10-26,1292814.6026592706,-5.8207660913467407e-11,False,0.0,42.8293482734,0.79180063834,4630.85
2015-10-27,1292678.8107105077,-5.8207660913467407e-11,False,0.0,41.999584975,0.838878949888,4639.23
2015-10-28,1303372.4400865994,-5.8207660913467407e-11,False,0.0,51.9919819974,0.940188347548,4678.58
2015-10-29,1300789.6034405078,-5.8207660913467407e-11,False,0.0,41.352387611,0.896829311138,4670.76
2015-10-30,1300069.7495029229,-5.8207660913467407e-11,False,0.0,43.108989388,0.897809021088,4648.83
2015-11-02,1310152.6286614151,-5.8207660913467407e-11,False,0.0,48.7997536211,0.944139568588,4703.91
2015-11-03,1316958.5863699699,-5.8207660913467407e-11,False,0.0,47.3343577002,0.911375522073,4719.05
2015-11-04,1332554.4678088997,-5.8207660913467407e-11,False,0.0,44.6316570983,0.937937215902,4717.55
2015-11-05,1341798.7122000214,-5.8207660913467407e-11,False,0.0,48.276428924,0.912295390847,4702.9
2015-11-06,1361609.6232897355,-5.8207660913467407e-11,False,0.0,46.3472252473,0.899834319131,4707.23
2015-11-09,1346053.6417604729,-5.8207660913467407e-11,False,0.0,54.9921252746,0.875464638898,4655.52
2015-11-10,1343637.2863874915,-5.8207660913467407e-11,False,0.0,44.8015471722,0.828440820896,4641.73
2015-11-11,1357092.3788293949,-5.8207660913467407e-11,False,0.0,46.8341431134,0.804046496709,4636.94
2015-11-12,1351402.6027175619,-5.8207660913467407e-11,False,0.0,47.9926457749,0.75516414744,4588.93
2015-11-13,1321886.4883936327,-5.8207660913467407e-11,False,0.0,57.63201992,0.728328740264,4502.14
2015-11-16,1340300.0527463825,-5.8207660913467407e-11,False,0.0,55.1904308745,0.77441192733,4565.47
2015-11-17,1343971.4958788599,-5.8207660913467407e-11,False,0.0,46.0409306051,0.835636556415,4565.82
2015-11-18,1374183.0418190695,-5.8207660913467407e-11,False,0.0,58.1129319502,0.887045908351,4653.44
2015-11-19,1374413.1959035024,-5.8207660913467407e-11,False,0.0,42.4330245395,0.895940259915,4655.35
2015-11-20,1396334.2926805019,-5.8207660913467407e-11,False,0.0,44.2532284156,0.930379418434,4686.36
2015-11-23,1395188.3688137433,-5.8207660913467407e-11,False,0.0,47.9147602127,0.979184047261,4674.79
2015-11-24,1384958.5690954919,-5.8207660913467407e-11,False,0.0,50.2988483826,0.982314074551,4669.41
2015-11-25,1389075.7619682208,-5.8207660913467407e-11,False,0.0,39.5170566399,0.968891703558,4672.88
2015-11-27,1392306.6074269412,-5.8207660913467407e-11,False,0.0,41.1543852759,0.967488054839,4680.47
2015-11-30,1388601.3601465267,-5.8207660913467407e-11,False,0.0,45.3559006746,0.939589269758,4664.51
2015-12-01,1427019.1733706263,-5.8207660913467407e-11,False,0.0,43.6336871517,0.933938865542,4716.16
2015-12-02,1418266.2631130426,-5.8207660913467407e-11,False,0.0,50.0651767987,0.932224172124,4686.22
2015-12-03,1400831.1227548888,-5.8207660913467407e-11,False,0.0,66.442167035,0.851787088088,4606.75
2015-12-04,1433786.3676246351,-5.8207660913467407e-11,False,0.0,63.7436267385,0.900322442257,4716.12
2015-12-07,1421902.2594906506,-5.8207660913467407e-11,False,0.0,47.1492134238,0.871980688175,4693.62
2015-12-08,1434461.9062474445,-5.8207660913467407e-11,False,0.0,51.0498521658,0.863385501025,4694.77
2015-12-09,1407434.5268527332,-5.8207660913467407e-11,False,0.0,60.5211523186,0.825616051164,4622.14
2015-12-10,1405556.1605798902,-5.8207660913467407e-11,False,0.0,48.24499001,0.84731551859,4643.05
2015-12-11,1375848.7616931384,-5.8207660913467407e-11,False,0.0,61.8198396425,0.663208489705,4537.56
2015-12-14,1397196.9452417863,-5.8207660913467407e-11,False,0.0,57.8428987746,0.676238024194,4570.16
2015-12-15,1404059.2614524022,-5.8207660913467407e-11,False,0.0,51.1809084733,0.679558228408,4597.33
2015-12-16,1428147.5180479991,-5.8207660913467407e-11,False,0.0,57.0958548839,0.771298664488,4664.56
2015-12-17,1413408.8123576322,-5.8207660913467407e-11,False,0.0,55.2472066282,0.728324100101,4598.14
2015-12-18,1394628.0318407202,-5.8207660913467407e-11,False,0.0,55.5727745292,0.528058770963,4514.83
2015-12-21,1408056.7726921351,-5.8207660913467407e-11,False,0.0,45.848929772,0.429929848487,4560.55
2015-12-22,1414231.5338988854,-5.8207660913467407e-11,False,0.0,43.3387097313,0.458887931869,4589.26
2015-12-23,1413526.9394202803,-5.8207660913467407e-11,False,0.0,43.6799276856,0.494101751068,4624.59
2015-12-24,1413046.1785304267,-5.8207660913467407e-11,False,0.0,38.2407205058,0.441040051271,4622.77
2015-12-28,1429956.4666671113,-5.8207660913467407e-11,False,0.0,45.171999374,0.449129771197,4621.35
2015-12-29,1456231.6643414667,-5.8207660913467407e-11,False,0.0,54.7460274134,0.565796271563,4691.08
2015-12-30,1447073.9589375611,-5.8207660913467407e-11,False,0.0,44.321682675,0.447609485831,4652.01
2015-12-31,1423474.9995812364,-5.8207660913467407e-11,True,0.0,49.2691255639,0.359240229179,4593.27
2016-01-04,1392773.6939696092,1392773.6939696092,True,0.0,49.1195318606,0.264217453871,4497.86
2016-01-05,1392773.6939696092,1392773.6939696092,True,0.0,48.451806806,0.264502720609,4484.18
2016-01-06,1392773.6939696092,1392773.6939696092,True,0.0,53.0289109456,0.222958871547,4443.99
2016-01-07,1392773.6939696092,1392773.6939696092,True,0.0,69.126589924,0.167108013738,4305.72
2016-01-08,1392773.6939696092,1392773.6939696092,True,0.0,58.5969599623,0.152035678067,4270.78
2016-01-11,1392773.6939696092,1392773.6939696092,True,0.0,57.5167803799,0.164792681723,4283.55
2016-01-12,1392773.6939696092,1392773.6939696092,True,0.0,54.1580131386,0.24540134113,4333.72
2016-01-13,1392773.6939696092,1392773.6939696092,True,0.0,78.1721475344,0.20201812565,4183.12
2016-01-14,1392773.6939696092,1392773.6939696092,True,0.0,76.3277603844,0.232265761468,4272.97
2016-01-15,1392773.6939696092,1392773.6939696092,True,0.0,78.4952569715,0.151590298673,4141.08
2016-01-19,1392773.6939696092,1392773.6939696092,True,0.0,58.2503945992,0.104209228498,4147.07
2016-01-20,1392773.6939696092,1392773.6939696092,True,0.0,77.4244605438,0.0981544045808,4136.28
2016-01-21,1392773.6939696092,1392773.6939696092,True,0.0,57.1725013032,0.0876584372397,4142.6
2016-01-22,1392773.6939696092,1392773.6939696092,True,0.0,61.6722495414,0.170483535447,4259.77
2016-01-25,1392773.6939696092,1392773.6939696092,True,0.0,51.754236327,0.13846886937,4196.53
2016-01-26,1392773.6939696092,1392773.6939696092,True,0.0,51.3227391569,0.15987783214,4233.85
2016-01-27,1392773.6939696092,1392773.6939696092,True,0.0,62.3975898848,0.108266979043,4128.86
2016-01-28,1392773.6939696092,1392773.6939696092,True,0.0,52.984640254,0.147774449239,4186.06
2016-01-29,1392773.6939696092,1392773.6939696092,True,0.0,56.099915147,0.180402095153,4279.17
2016-02-01,1392773.6939696092,1392773.6939696092,True,0.0,48.8435716592,0.201954744506,4286.56
2016-02-02,1392773.6939696092,1392773.6939696092,True,0.0,58.5905073305,0.19083632724,4193.1
2016-02-03,1392773.6939696092,1392773.6939696092,True,0.0,61.4641538887,0.116036844973,4171.97
2016-02-04,1392773.6939696092,1392773.6939696092,True,0.0,52.6049564623,0.123532330543,4167.77
2016-02-05,1392773.6939696092,1392773.6939696092,True,0.0,70.3554417725,0.0764162750447,4024.47
2016-02-08,1392773.6939696092,1392773.6939696092,True,0.0,64.8222992768,0.0759929231511,3960.67
2016-02-09,1392773.6939696092,1392773.6939696092,True,0.0,57.9112948187,0.0654977876539,3947.8
2016-02-10,1392773.6939696092,1392773.6939696092,True,0.0,56.1301173969,0.101920020185,3966.28
2016-02-11,1392773.6939696092,1392773.6939696092,True,0.0,53.4330780217,0.0874509671294,3962.22
2016-02-12,1392773.6939696092,1392773.6939696092,True,0.0,47.5784497595,0.10368622282,4019.19
2016-02-16,1392773.6939696092,1392773.6939696092,True,0.0,53.2763278069,0.118615653999,4104.33
2016-02-17,1392773.6939696092,1392773.6939696092,True,0.0,56.6267000592,0.210221012655,4199.1
2016-02-18,1392773.6939696092,1392773.6939696092,True,0.0,48.9647662916,0.227204809474,4151.49
2016-02-19,1392773.6939696092,1392773.6939696092,True,0.0,46.0573124716,0.20615585387,4164.09
2016-02-22,1392773.6939696092,1392773.6939696092,True,0.0,50.0271380875,0.236549499764,4231.27
2016-02-23,1392773.6939696092,1392773.6939696092,True,0.0,50.3704521257,0.174241635454,4162.54
2016-02-24,1392773.6939696092,1392773.6939696092,True,0.0,60.4874785825,0.199442796634,4200.66
2016-02-25,1392773.6939696092,1392773.6939696092,True,0.0,49.2045821267,0.227561454263,4241.06
2016-02-26,1392773.6939696092,1392773.6939696092,True,0.0,44.8254319632,0.181382239269,4235.62
2016-02-29,1392773.6939696092,1392773.6939696092,True,0.0,48.0976661782,0.181809570178,4201.12
2016-03-01,1392773.6939696092,1392773.6939696092,True,0.0,58.1046115136,0.318176909316,4333.61
2016-03-02,1392773.6939696092,1392773.6939696092,True,0.0,41.5385462338,0.386547847489,4334.39
2016-03-03,1392773.6939696092,1392773.6939696092,True,0.0,42.3795000113,0.390314600768,4325.86
2016-03-04,1392773.6939696092,1392773.6939696092,True,0.0,46.1079017806,0.424699449767,4329.0
2016-03-07,1392773.6939696092,1392773.6939696092,True,0.0,46.9883367627,0.517824824563,4303.33
2016-03-08,1392773.6939696092,1392773.6939696092,True,0.0,45.0052698744,0.515226031396,4265.51
2016-03-09,1392773.6939696092,1392773.6939696092,True,0.0,41.6022386672,0.528653041245,4293.23
2016-03-10,1392773.6939696092,1392773.6939696092,True,0.0,57.0210733955,0.477974367671,4286.97
2016-03-11,1392773.6939696092,1392773.6939696092,False,0.0,50.5862115433,0.681720222307,4361.83
2016-03-14,1405770.6945255119,-1.1641532182693481e-10,False,0.0,40.579042676,0.607829816362,4367.33
2016-03-15,1404817.0847503906,-1.1641532182693481e-10,False,0.0,40.7391229688,0.735750617478,4367.08
2016-03-16,1411872.3876368278,-1.1641532182693481e-10,False,0.0,46.8346245858,0.759753346092,4404.2
2016-03-17,1411434.4633776471,-1.1641532182693481e-10,False,0.0,41.8217009358,0.765676629978,4400.26
2016-03-18,1424850.0041377959,-1.1641532182693481e-10,False,0.0,41.1065504517,0.768589629885,4410.83
2016-03-21,1434907.1928368532,-1.1641532182693481e-10,False,0.0,40.468644652,0.68685081037,4426.98
2016-03-22,1429527.9840249904,-1.1641532182693481e-10,False,0.0,44.8512197779,0.757396829079,4437.62
2016-03-23,1417753.2633920577,-1.1641532182693481e-10,False,0.0,43.3190674046,0.691578829893,4402.56
2016-03-24,1412559.9408029155,-1.1641532182693481e-10,False,0.0,40.7763601393,0.799500110448,4405.53
2016-03-28,1419649.5992717491,-1.1641532182693481e-10,False,0.0,39.3234433711,0.744279658058,4398.07
2016-03-29,1445098.4623473184,-1.1641532182693481e-10,False,0.0,53.4674992546,0.721683917571,4467.72
2016-03-30,1455816.8124771616,-1.1641532182693481e-10,False,0.0,45.08038996,0.73594436468,4490.88
2016-03-31,1457935.9424443748,-1.1641532182693481e-10,False,0.0,39.6380379639,0.823363057602,4483.66
2016-04-01,1467425.879248112,-1.1641532182693481e-10,False,0.0,52.2438170509,0.87135468061,4532.08
2016-04-04,1458550.916195896,-1.1641532182693481e-10,False,0.0,40.4235942801,0.860816763612,4511.7
2016-04-05,1441809.3984883404,-1.1641532182693481e-10,False,0.0,44.2654684561,0.944743987548,4470.75
2016-04-06,1451529.3714158502,-1.1641532182693481e-10,False,0.0,50.3428265015,0.981925623565,4543.78
2016-04-07,1436475.100627759,-1.1641532182693481e-10,False,0.0,52.6101808167,0.968726095206,4475.29
2016-04-08,1432921.2515431605,0.0,False,0.0,46.2920575964,0.963615283598,4474.93
2016-04-11,1431687.2143100388,0.0,False,0.0,46.5554522111,0.960148624402,4458.71
2016-04-12,1429620.8868296682,0.0,False,0.0,49.0649054448,0.954213454795,4496.04
2016-04-13,1447196.0564674272,0.0,False,0.0,47.9682868377,0.94679304345,4554.72
2016-04-14,1444833.0969098301,0.0,False,0.0,39.8751635457,0.910290961626,4554.62
2016-04-15,1439510.3367477176,0.0,False,0.0,39.8683297691,0.935036812494,4543.16
2016-04-18,1440382.7913091141,0.0,False,0.0,42.4856569777,0.940076043002,4569.32
2016-04-19,1436544.398217391,0.0,False,0.0,46.7438123908,0.888500640272,4540.96
2016-04-20,1447258.8389963757,0.0,False,0.0,42.2195542965,0.940627397178,4540.44
2016-04-21,1425869.0774760703,0.0,False,0.0,41.6970120442,0.92143453873,4540.8
2016-04-22,1424713.4038238907,0.0,False,0.0,56.4000816006,0.830589830758,4474.19
2016-04-25,1421851.2717894283,0.0,False,0.0,38.607455668,0.836222895581,4474.13
2016-04-26,1428391.1714070803,0.0,False,0.0,45.1564704623,0.852317111393,4452.97
2016-04-27,1431110.5468679736,0.0,False,0.0,49.9401273603,0.661034976814,4416.63
2016-04-28,1409120.2123432967,0.0,False,0.0,54.4328386955,0.563656712338,4363.99
2016-04-29,1397361.2806361094,0.0,False,0.0,48.4983223934,0.537878786844,4341.3
2016-05-02,1419610.4914025394,0.0,False,0.0,45.4570820202,0.602490709811,4381.3
2016-05-03,1407270.7177959578,0.0,False,0.0,45.2862868811,0.577546714065,4341.39
2016-05-04,1390676.4996829156,0.0,False,0.0,42.7366750302,0.593408092851,4312.01
2016-05-05,1380461.5006223784,0.0,False,0.0,41.174203002,0.539338706232,4309.48
2016-05-06,1395005.2095833996,0.0,False,0.0,44.5448844846,0.587491765742,4330.17
2016-05-09,1394908.9832641592,0.0,False,0.0,40.8883288309,0.469777060597,4341.23
2016-05-10,1412389.2195646437,0.0,False,0.0,47.9010120606,0.572413455992,4402.04
2016-05-11,1396122.0190433741,0.0,False,0.0,44.3530464421,0.49887508509,4361.03
2016-05-12,1399218.551730288,0.0,True,0.0,48.3760198551,0.399329672022,4342.81
2016-05-13,1395765.1608667593,1395765.1608667593,True,0.0,43.9553274782,0.377868096921,4326.53
2016-05-16,1395765.1608667593,1395765.1608667593,True,0.0,49.3070673294,0.457007304573,4380.48
2016-05-17,1395765.1608667593,1395765.1608667593,True,0.0,50.3281464142,0.337005986187,4322.56
2016-05-18,1395765.1608667593,1395765.1608667593,True,0.0,46.0843642135,0.345602786587,4338.23
2016-05-19,1395765.1608667593,1395765.1608667593,True,0.0,45.753517688,0.363422906945,4315.58
2016-05-20,1395765.1608667593,1395765.1608667593,True,0.0,48.1543893054,0.439375567384,4362.9
2016-05-23,1395765.1608667593,1395765.1608667593,True,0.0,40.2077839793,0.438694233378,4355.1
2016-05-24,1395765.1608667593,1395765.1608667593,True,0.0,54.9398461778,0.47331254478,4444.3
2016-05-25,1395765.1608667593,1395765.1608667593,True,0.0,43.6297827589,0.487917297227,4476.43
2016-05-26,1395765.1608667593,1395765.1608667593,True,0.0,39.1963976521,0.517573097597,4487.96
2016-05-27,1395765.1608667593,1395765.1608667593,True,0.0,39.3724211826,0.479566147236,4512.54
2016-05-31,1395765.1608667593,1395765.1608667593,True,0.0,40.4396464426,0.53002875078,4523.89
2016-06-01,1395765.1608667593,1395765.1608667593,True,0.0,40.0933136977,0.589916600355,4520.07
2016-06-02,1395765.1608667593,1395765.1608667593,True,0.0,43.6521948998,0.488975491828,4531.35
2016-06-03,1395765.1608667593,1395765.1608667593,True,0.0,45.2631604017,0.57054841879,4509.79
2016-06-06,1395765.1608667593,1395765.1608667593,True,0.0,39.9584735583,0.594992481269,4523.63
2016-06-07,1395765.1608667593,1395765.1608667593,False,0.0,38.7452811897,0.605163753585,4513.09
2016-06-08,1391916.460536124,0.0,False,0.0,39.4076819666,0.553455421897,4520.63
2016-06-09,1401945.6103211963,0.0,False,0.0,38.4155178287,0.431503458583,4512.69
2016-06-10,1380434.5657844732,0.0,True,0.0,49.4146509201,0.343977929752,4461.05
2016-06-13,1374678.6190810229,1374678.6190810229,True,0.0,42.6073579499,0.301977902989,4422.76
2016-06-14,1374678.6190810229,1374678.6190810229,True,-1.0,44.3836151961,0.264300500643,4424.91
2016-06-15,1374678.6190810229,1374678.6190810229,True,-1.0,40.776373165,0.281742195052,4409.51
2016-06-16,1374678.6190810229,1374678.6190810229,True,-1.0,49.9693169836,0.30659501837,4424.23
2016-06-17,1374678.6190810229,1374678.6190810229,True,-1.0,48.4031969957,0.236090087301,4374.38
2016-06-20,1374678.6190810229,1374678.6190810229,True,-1.0,51.1725290062,0.374163467854,4400.16
2016-06-21,1374678.6190810229,1374678.6190810229,True,-1.0,37.6742387725,0.398233085487,4413.4
2016-06-22,1374678.6190810229,1374678.6190810229,True,-1.0,42.8181972587,0.420035193713,4404.73
2016-06-23,1374678.6190810229,1374678.6190810229,True,-1.0,49.3181572778,0.60012804937,4467.48
2016-06-24,1374678.6190810229,1374678.6190810229,True,-1.0,86.9657545661,0.400002973905,4285.7
2016-06-27,1374678.6190810229,1374678.6190810229,True,-1.0,61.6785468893,0.322259750975,4201.05
2016-06-28,1374678.6190810229,1374678.6190810229,True,-1.0,57.1160120939,0.39424120513,4290.47
2016-06-29,1374678.6190810229,1374678.6190810229,True,-1.0,55.0682906926,0.543782922574,4364.74
2016-06-30,1374678.6190810229,1374678.6190810229,True,-1.0,47.83106854,0.645279189029,4417.7
2016-07-01,1374678.6190810229,1374678.6190810229,False,0.0,43.1236322503,0.670906078287,4437.44
2016-07-05,1372097.2233679974,0.0,False,0.0,45.705078475,0.614542667606,4410.75
2016-07-06,1379357.3268570632,0.0,False,0.0,51.6612156877,0.640901361612,4444.7
2016-07-07,1394074.6283737579,0.0,False,0.0,39.614605568,0.586030452853,4459.58
2016-07-08,1425721.1730886814,0.0,False,1.0,51.3739941174,0.711624563857,4528.36
2016-07-11,1459933.249283433,0.0,False,1.0,43.1247133966,0.756998645446,4554.71
2016-07-12,1487740.9597820072,0.0,False,1.0,40.869177887,0.793500768456,4577.61
2016-07-13,1472808.8538368717,0.0,False,1.0,38.306421876,0.731574012821,4565.77
2016-07-14,1473697.0412370041,0.0,False,1.0,42.6360357611,0.819418606463,4596.49
2016-07-15,1465881.790903385,0.0,False,1.0,39.3505768676,0.799786036529,4589.83
2016-07-18,1480193.7266783859,0.0,False,1.0,42.4590771032,0.843527464714,4619.68
2016-07-19,1481774.7698805789,0.0,False,1.0,38.6385710125,0.790621907689,4603.28
2016-07-20,1492105.8770157052,0.0,False,1.0,49.8213243167,0.839298799608,4657.2
2016-07-21,1480266.0358134003,0.0,False,1.0,41.9536852887,0.757028956704,4647.02
2016-07-22,1506983.7475626103,0.0,False,1.0,41.9591526788,0.742987618265,4666.07
2016-07-25,1513861.5720425984,0.0,False,1.0,36.5886062931,0.730368031815,4665.93
2016-07-26,1537153.6275683141,0.0,False,1.0,43.1997762312,0.710009697261,4672.11
2016-07-27,1532829.5805453123,0.0,False,1.0,44.6410209867,0.729755586135,4702.88
2016-07-28,1551979.9276320804,0.0,False,1.0,40.4594786773,0.75262064101,4721.41
2016-07-29,1541124.8239413712,0.0,False,1.0,39.8673498068,0.749703858629,4730.23
2016-08-01,1535662.5763169874,0.0,False,1.0,43.1003888353,0.795740012379,4756.04
2016-08-02,1512874.3624590274,0.0,False,1.0,51.271743522,0.74543456323,4719.21
2016-08-03,1523831.039722407,0.0,False,1.0,38.3893549678,0.771062255908,4734.33
2016-08-04,1536841.8301021999,0.0,False,1.0,40.7106027646,0.772528029955,4743.81
2016-08-05,1586062.3111708416,0.0,False,1.0,48.2391658397,0.81938295829,4791.21
2016-08-08,1595481.2197179447,0.0,False,1.0,38.9592335721,0.859726126204,4784.74
2016-08-09,1592097.5745944628,0.0,False,1.0,39.7444911861,0.895217843113,4795.75
2016-08-10,1586236.0914473427,0.0,False,1.0,40.2699512133,0.886228365682,4783.39
2016-08-11,1610577.2046964713,0.0,False,1.0,40.8832899587,0.907188958924,4803.31
2016-08-12,1619847.6755480287,0.0,False,1.0,37.1295229516,0.900754304728,4807.08
2016-08-15,1634814.1625766691,0.0,False,1.0,41.1709937521,0.938936583674,4827.12
2016-08-16,1615599.1378434482,0.0,False,1.0,41.0443490704,0.912230323154,4797.19
2016-08-17,1598160.6668492868,0.0,False,1.0,42.3323827919,0.909133915475,4805.45
2016-08-18,1608194.7788715635,0.0,False,1.0,38.2187169182,0.915802310001,4808.68
2016-08-19,1609282.7378797615,0.0,False,1.0,41.0281082602,0.880167664256,4806.14
2016-08-22,1593455.5960529274,0.0,False,1.0,40.0611785353,0.992869535041,4808.56
2016-08-23,1601869.6755263549,0.0,False,1.0,40.5795947796,0.999483046501,4818.48
2016-08-24,1574632.4647078286,0.0,False,1.0,47.1506529615,0.997970086983,4783.49
2016-08-25,1592094.9090329432,0.0,False,1.0,39.6764106103,0.995569270102,4775.43
2016-08-26,1580702.5340661518,0.0,False,1.0,49.2103323594,0.992833828457,4783.69
2016-08-29,1574453.3824677768,0.0,False,1.0,38.6258253915,0.991175138276,4791.09
2016-08-30,1565277.6686486925,0.0,False,1.0,43.453751817,0.993802800454,4775.99
2016-08-31,1576789.4696435495,0.0,False,1.0,39.7897778101,0.988567289451,4771.05
2016-09-01,1605629.1697216672,0.0,False,1.0,43.7189661169,0.988036786032,4783.94
2016-09-02,1630453.6944859219,0.0,False,1.0,42.9826687144,0.98263288224,4798.74
2016-09-06,1651280.1099445228,0.0,False,1.0,42.2213518458,0.983154254094,4829.51
2016-09-07,1626920.8325748204,0.0,False,1.0,40.3349608407,0.976424060156,4831.86
2016-09-08,1629933.628892038,0.0,False,1.0,44.6646221172,0.966398770022,4804.0
2016-09-09,1581345.0548848866,0.0,False,1.0,68.0257855478,0.691874509748,4681.53
2016-09-12,1617398.8323386938,0.0,False,1.0,65.9708428402,0.819431049438,4764.65
2016-09-13,1599092.8808748415,0.0,False,1.0,50.8182819426,0.705715252714,4722.84
2016-09-14,1600147.3211687754,0.0,False,1.0,46.4060522271,0.7700934139,4746.06
2016-09-15,1637711.9254110018,0.0,False,1.0,55.6217571117,0.789985935261,4819.9
2016-09-16,1646172.9629451833,0.0,False,1.0,40.6722073182,0.802064859776,4818.05
2016-09-19,1659359.9317948117,0.0,False,1.0,48.8730885103,0.741730301433,4796.07
2016-09-20,1649889.2251088661,0.0,False,1.0,40.8947918559,0.755694888134,4805.22
2016-09-21,1700963.0445210903,0.0,False,1.0,50.3393920835,0.808180452594,4853.75
2016-09-22,1712105.012180303,0.0,False,1.0,44.870310509,0.814216587513,4891.36
2016-09-23,1692748.6708538444,0.0,False,1.0,43.8143192329,0.743034318356,4858.91
2016-09-26,1674153.6006638359,0.0,False,1.0,46.3826338594,0.660950673384,4817.17
2016-09-27,1708045.6668340075,0.0,False,1.0,49.4306324232,0.695036093241,4866.71
2016-09-28,1703648.3931793254,0.0,False,1.0,40.8528922325,0.764951156621,4875.27
2016-09-29,1697708.1838506397,0.0,False,1.0,49.4252175477,0.685795944405,4838.3
2016-09-30,1713879.5644932974,0.0,False,1.0,47.8208598176,0.725186137612,4875.7
2016-10-03,1718567.2160351537,0.0,False,1.0,40.0330593289,0.639491793504,4866.63
2016-10-04,1717964.5442225947,0.0,False,1.0,47.6292658463,0.638510039119,4859.47
2016-10-05,1724888.7787193125,0.0,False,1.0,42.4711347162,0.649884636455,4877.75
2016-10-06,1728197.7769815405,0.0,False,1.0,42.6623840906,0.664220132832,4873.92
2016-10-07,1724465.0740312568,0.0,False,1.0,45.9580436174,0.615746881512,4864.52
2016-10-10,1736697.8192621118,0.0,False,1.0,44.9081517001,0.656654157859,4893.77
2016-10-11,1689011.4007418286,0.0,False,1.0,59.2411909047,0.500697425364,4821.91
2016-10-12,1694016.0741243118,0.0,False,1.0,41.8932089273,0.547475799965,4819.63
2016-10-13,1658532.9644700265,0.0,False,1.0,50.5113367737,0.505407140204,4803.1
2016-10-14,1662673.8152293768,0.0,False,1.0,45.6212092528,0.509081512623,4808.49
2016-10-17,1656053.2602013659,0.0,False,1.0,40.2856267154,0.492479875055,4796.17
2016-10-18,1675533.5572266323,0.0,False,1.0,51.9942727787,0.561120726847,4839.72
2016-10-19,1676078.9508332335,0.0,False,1.0,37.454259206,0.53963608703,4836.61
2016-10-20,1690094.2182903772,0.0,False,1.0,43.9433030292,0.591706734793,4832.71
2016-10-21,1690755.8707631126,0.0,False,1.0,42.3556264405,0.635324832427,4851.86
2016-10-24,1714283.7417140515,0.0,False,1.0,50.9412781502,0.704920529795,4909.97
2016-10-25,1725413.2003296036,0.0,False,1.0,41.0032910431,0.667254902562,4891.45
2016-10-26,1719058.6886157622,0.0,False,1.0,46.7282334447,0.64353422749,4860.59
2016-10-27,1704437.2757627752,0.0,False,1.0,49.6102547241,0.613944324978,4836.45
2016-10-28,1694812.1225327668,0.0,False,1.0,49.893120028,0.544660601907,4805.59
2016-10-31,1688723.9524333528,0.0,False,1.0,39.6075055625,0.514010305782,4801.27
2016-11-01,1660008.8464458406,0.0,False,1.0,60.2772595224,0.4102603412,4766.94
2016-11-02,1632278.263167711,0.0,True,0.0,50.9974466104,0.347007408014,4726.91
2016-11-03,1635159.6861623265,1635159.6861623265,True,0.0,52.1547581232,0.319014039016,4679.1
2016-11-04,1635159.6861623265,1635159.6861623265,True,0.0,49.1491815693,0.470303903894,4660.46
2016-11-07,1635159.6861623265,1635159.6861623265,True,0.0,72.5740630888,0.524786149022,4773.73
2016-11-08,1635159.6861623265,1635159.6861623265,False,0.0,55.2596189904,0.645878796481,4804.92
2016-11-09,1684086.2040529577,1.1641532182693481e-10,False,0.0,61.799131033,0.640742244536,4825.18
2016-11-10,1651135.1094285809,1.1641532182693481e-10,True,0.0,89.8365038144,0.387714321732,4747.03
2016-11-11,1704074.9788568881,1704074.9788568881,True,-1.0,48.2422057851,0.398821587415,4751.95
2016-11-14,1704074.9788568881,1704074.9788568881,True,-1.0,57.8132356253,0.355678630478,4702.04
2016-11-15,1704074.9788568881,1704074.9788568881,True,-1.0,58.2951182072,0.444830152546,4764.47
2016-11-16,1704074.9788568881,1704074.9788568881,True,-1.0,49.6912168515,0.411497904139,4792.27
2016-11-17,1704074.9788568881,1704074.9788568881,True,-1.0,47.4131458954,0.406892056767,4826.59
2016-11-18,1704074.9788568881,1704074.9788568881,True,-1.0,44.356045503,0.427749339315,4808.04
2016-11-21,1704074.9788568881,1704074.9788568881,True,0.0,51.0883595924,0.576546632821,4859.0
2016-11-22,1704074.9788568881,1704074.9788568881,True,0.0,40.3901213842,0.521231221326,4873.84
2016-11-23,1704074.9788568881,1704074.9788568881,True,0.0,46.4086133217,0.474922797939,4853.86
2016-11-25,1704074.9788568881,1704074.9788568881,True,0.0,37.5680842536,0.561454363351,4870.02
2016-11-28,1704074.9788568881,1704074.9788568881,False,1.0,40.83157734,0.478532145647,4857.02
2016-11-29,1695547.7150390116,1.1641532182693481e-10,False,1.0,49.1359856789,0.520357636318,4873.21
2016-11-30,1683527.1097384291,1.1641532182693481e-10,True,0.0,57.8191926893,0.431760173153,4810.81
2016-12-01,1690489.7314131528,1690489.7314131528,True,0.0,64.2786155423,0.297066562767,4734.1
2016-12-02,1690489.7314131528,1690489.7314131528,True,0.0,45.3018109671,0.309523671314,4739.37
2016-12-05,1690489.7314131528,1690489.7314131528,True,0.0,52.3907849616,0.380349397761,4778.14
2016-12-06,1690489.7314131528,1690489.7314131528,True,0.0,41.3806163898,0.353060084894,4788.67
2016-12-07,1690489.7314131528,1690489.7314131528,True,0.0,65.4581876996,0.55634950434,4851.94
2016-12-08,1690489.7314131528,1690489.7314131528,True,0.0,41.159038751,0.570806158342,4859.19
2016-12-09,1690489.7314131528,1690489.7314131528,False,1.0,45.6875060237,0.648323576273,4895.9
2016-12-12,1662762.5530432467,0.0,False,1.0,47.126378987,0.609170462559,4874.3
2016-12-13,1680295.6972984392,0.0,False,1.0,64.6970260947,0.706783635904,4935.84
2016-12-14,1686102.1729677829,0.0,False,1.0,48.2511367703,0.629577551994,4921.22
2016-12-15,1714726.567343666,0.0,False,1.0,46.5118442291,0.650737250123,4933.41
2016-12-16,1703859.7831421597,0.0,False,1.0,49.5501136592,0.630305209896,4914.86
2016-12-19,1716449.0078922147,0.0,False,1.0,50.9415573237,0.63100560428,4934.85
2016-12-20,1739552.4145802893,0.0,False,1.0,41.3186576896,0.575693477599,4953.8
2016-12-21,1744802.9248395206,0.0,False,1.0,38.4316009559,0.596063523,4948.9
2016-12-22,1780813.6183205172,0.0,False,1.0,43.3561636539,0.620896335685,4934.39
2016-12-23,1791624.5970333051,0.0,False,1.0,37.7396762581,0.664302252433,4940.02
2016-12-27,1828355.3129602748,0.0,False,1.0,51.5615693712,0.740565870105,4965.81
2016-12-28,1776393.6360412478,0.0,False,1.0,53.2138546674,0.693364005951,4926.29
2016-12-29,1768461.9810027108,0.0,False,1.0,42.9812071105,0.730506596313,4918.28
2016-12-30,1735913.8029909374,0.0,True,0.0,59.8790610448,0.711422136978,4863.62
2017-01-03,1739237.6617526412,1739237.6617526412,False,0.0,48.2628960834,0.824719047732,4911.33
2017-01-04,1748371.5329667875,-1.1641532182693481e-10,False,0.0,44.0662148685,0.865854879246,4937.2
2017-01-05,1736176.5262657413,-1.1641532182693481e-10,False,0.0,43.7686939045,0.800611451842,4964.95
2017-01-06,1739195.825682011,-1.1641532182693481e-10,False,0.0,55.7413009989,0.810343724357,5007.08
2017-01-09,1771422.378173884,-1.1641532182693481e-10,False,1.0,41.2468216661,0.80685568897,5024.9
2017-01-10,1773297.8796090116,-1.1641532182693481e-10,False,1.0,44.14906266,0.908657873994,5035.17
2017-01-11,1779554.9810035368,-1.1641532182693481e-10,False,1.0,45.7777063747,0.915311491978,5050.21
2017-01-12,1755274.3782453309,-1.1641532182693481e-10,False,1.0,52.7741825425,0.947427324077,5041.43
2017-01-13,1763471.4558956395,-1.1641532182693481e-10,False,1.0,40.9736499075,0.927576822684,5059.51
2017-01-17,1743091.1524458611,-1.1641532182693481e-10,False,1.0,42.7988578868,0.894881167523,5044.65
2017-01-18,1773928.0482960334,-1.1641532182693481e-10,False,1.0,38.4942401536,0.874544456485,5055.85
2017-01-19,1775370.7840950629,-1.1641532182693481e-10,False,1.0,45.7680395033,0.889837966587,5051.17
2017-01-20,1783971.5884236069,0.0,False,1.0,45.0847437814,0.854785641997,5063.2
2017-01-23,1789031.2275614764,0.0,False,1.0,46.1290360186,0.840072396972,5065.7
2017-01-24,1830547.3480494597,0.0,False,1.0,48.0721308259,0.897349064611,5101.06
2017-01-25,1861598.5633535685,0.0,False,1.0,51.9403965379,0.918651263716,5151.47
2017-01-26,1877227.9380592962,0.0,False,1.0,38.8846239087,0.932247782975,5156.92
2017-01-27,1875359.8449594236,0.0,False,1.0,40.1451060572,0.928682419702,5168.06
2017-01-30,1845020.2347014064,0.0,False,1.0,59.0840757273,0.951403607042,5129.33
2017-01-31,1836457.6409130497,0.0,False,1.0,48.3478215814,0.986807027556,5116.77
2017-02-01,1864060.2172512875,0.0,False,1.0,44.5755135417,0.990694887417,5152.69
2017-02-02,1859611.5643207373,0.0,False,1.0,44.7220320679,0.983777129439,5147.7
2017-02-03,1859552.7247009859,0.0,False,1.0,38.4212155939,0.984288954195,5161.6
2017-02-06,1870346.0406997248,0.0,False,1.0,39.2822340835,0.973722432542,5167.96
2017-02-07,1892084.5072444878,0.0,False,1.0,42.7034970253,0.976838474335,5185.88
2017-02-08,1879179.2526171124,0.0,False,1.0,44.396802861,0.968933895184,5196.58
2017-02-09,1876651.9483519073,0.0,False,1.0,41.6209191084,0.98297567643,5212.16
2017-02-10,1860343.6025448446,0.0,False,1.0,40.332356821,0.974493302764,5226.69
2017-02-13,1842809.4074526646,0.0,False,1.0,45.9002302179,0.987218176915,5256.82
2017-02-14,1817160.9300841768,0.0,False,1.0,44.6141855372,0.987440677435,5271.07
2017-02-15,1810363.1439984066,0.0,False,1.0,47.6855342344,0.994783787307,5302.39
2017-02-16,1804111.0363239953,0.0,False,1.0,43.4056753953,0.992341684622,5300.64
2017-02-17,1806651.3074470477,0.0,False,1.0,44.955030862,0.99269540473,5324.72
2017-02-21,1828267.7036780862,0.0,False,1.0,43.1095381892,0.995631791323,5350.73
2017-02-22,1821956.6390439249,0.0,False,1.0,39.3396505504,0.997051594408,5352.13
2017-02-23,1782987.4588858103,0.0,False,1.0,51.2904110268,0.994718533136,5332.37
2017-02-24,1805701.8714895796,0.0,False,1.0,47.5933307955,0.993346255157,5343.31
2017-02-27,1829909.283832032,0.0,False,1.0,42.1551555639,0.998198857913,5347.55
2017-02-28,1822213.0588947379,0.0,False,1.0,44.2841992567,0.997701580608,5330.31
2017-03-01,1851841.8374616723,0.0,False,1.0,49.2320357278,0.999910312936,5390.99
2017-03-02,1829251.2742002581,0.0,False,1.0,46.2174576032,0.99946760159,5363.26
2017-03-03,1864615.0936552575,0.0,False,1.0,43.6699486316,0.999277338876,5373.48
2017-03-06,1866234.2760735457,0.0,False,1.0,46.1000794776,0.998134082376,5360.31
2017-03-07,1851049.5689220666,0.0,False,1.0,44.9089461614,0.99553480665,5351.28
2017-03-08,1843471.2841722774,0.0,False,1.0,43.0325782427,0.994635683567,5359.8
2017-03-09,1834608.0248419363,0.0,False,1.0,46.0887239059,0.993842923317,5363.77
2017-03-10,1870882.5282681365,0.0,False,1.0,44.6621266434,0.994381833791,5385.9
2017-03-13,1895775.0328204529,0.0,False,1.0,37.97179544,0.996319666186,5394.57
2017-03-14,1891096.0282251174,0.0,False,1.0,45.9397399833,0.992721501466,5382.17
2017-03-15,1914872.6626641951,0.0,False,1.0,52.9025498599,0.99723292992,5416.25
2017-03-16,1899747.934164542,0.0,False,1.0,42.0000051579,0.996040060361,5412.08
2017-03-17,1890249.9900019325,0.0,False,1.0,38.7937451791,0.99620495714,5408.76
2017-03-20,1897268.7123419424,0.0,False,1.0,42.8699440073,0.995531404866,5413.31
2017-03-21,1832153.7905864227,0.0,False,1.0,76.8559644838,0.956390205459,5332.53
2017-03-22,1856724.1815353062,0.0,False,1.0,50.3601625825,0.955574093828,5367.55
2017-03-23,1858002.5323092062,0.0,False,1.0,43.9431746274,0.913029847249,5355.14
2017-03-24,1899666.2569621657,0.0,False,1.0,50.8315486177,0.916125328131,5364.0
2017-03-27,1911702.2194695619,0.0,False,1.0,59.1586699672,0.914906118966,5374.27
2017-03-28,1931138.4897242577,0.0,False,1.0,55.8545048186,0.970333320007,5407.21
2017-03-29,1935153.5018480269,0.0,False,1.0,43.4978620414,0.983022014399,5430.27
2017-03-30,1954456.8678991047,0.0,False,1.0,40.727972203,0.976375006211,5439.74
2017-03-31,1929932.9347992055,0.0,False,1.0,41.8833079545,0.977095076064,5436.23
2017-04-03,1934988.4772032348,0.0,False,1.0,52.4182655602,0.969574426365,5432.2
2017-04-04,1947830.6162867947,0.0,False,1.0,42.7928621593,0.970233098652,5440.41
2017-04-05,1927220.6465453275,0.0,False,1.0,60.37072895,0.94484781816,5418.52
2017-04-06,1936216.4912033987,0.0,False,1.0,43.2460890979,0.9382759983,5420.88
2017-04-07,1948482.8984232841,0.0,False,1.0,46.0437594049,0.922253295363,5418.37
2017-04-10,1929430.2699732969,0.0,False,1.0,46.910602713,0.910903409272,5421.68
2017-04-11,1924921.9537257103,0.0,False,1.0,59.1163406349,0.837649104634,5398.4
2017-04-12,1907004.1597788909,0.0,False,1.0,43.8997296619,0.768769594508,5377.03
2017-04-13,1908592.2275619206,0.0,False,1.0,51.3109050198,0.642261284157,5353.59
2017-04-17,1896529.0499428348,0.0,False,1.0,51.5075232342,0.744457704743,5399.2
2017-04-18,1874630.8359517676,0.0,False,1.0,43.2552932263,0.675261547643,5391.66
2017-04-19,1864854.3050446396,0.0,False,1.0,48.6828559691,0.632668978765,5399.64
2017-04-20,1902832.8254542549,0.0,False,1.0,56.4896671725,0.724318211947,5443.53
2017-04-21,1900716.4369567754,0.0,False,1.0,40.0933677611,0.764216485395,5442.05
2017-04-24,1903500.5820109237,0.0,False,1.0,63.5568571667,0.838519417543,5508.03
2017-04-25,1945129.8832945176,0.0,False,1.0,53.6322386814,0.87855087899,5548.19
2017-04-26,1920929.9249331504,0.0,False,1.0,42.5878239743,0.891638607597,5541.09
2017-04-27,1952655.8134417254,0.0,False,1.0,45.4577061204,0.865102642929,5571.28
2017-04-28,1964814.4006422902,0.0,False,1.0,43.845539236,0.914494144146,5583.53
2017-05-01,1979776.6263126151,0.0,False,1.0,49.1476700216,0.937208216294,5629.63
2017-05-02,1972343.2709394805,0.0,False,1.0,39.6464480681,0.955485306344,5644.07
2017-05-03,1981828.2884834502,0.0,False,1.0,47.200720634,0.949137155628,5625.16
2017-05-04,1989338.1191699198,0.0,False,1.0,43.2719102606,0.944326129224,5626.32
2017-05-05,2000223.9451997266,0.0,False,1.0,42.9083155651,0.953007398482,5646.09
2017-05-08,1976173.6784710386,0.0,False,1.0,40.4507081341,0.947804159517,5659.07
2017-05-09,1991451.3984668409,0.0,False,1.0,45.5769509871,0.953133978653,5678.31
2017-05-10,2009569.4409504773,0.0,False,1.0,40.9577894489,0.962327763323,5681.68
2017-05-11,2003007.4493927003,0.0,False,1.0,51.1641323295,0.939906366164,5674.22
2017-05-12,2014829.0799183266,0.0,False,1.0,37.904509709,0.95075915586,5686.81
2017-05-15,2012125.5401896499,0.0,False,1.0,41.6711811676,0.961714041463,5704.48
2017-05-16,2012303.0998359015,0.0,False,1.0,42.5034031071,0.967878100333,5724.44
2017-05-17,1914500.9374751055,0.0,False,1.0,95.0785415379,0.894006850991,5580.55
2017-05-18,1929642.8876437717,0.0,False,1.0,64.2082436287,0.8999974244,5626.31
2017-05-19,1943939.4116272803,0.0,False,1.0,52.1968742794,0.927954363756,5651.56
2017-05-22,1965634.4748243554,0.0,False,1.0,53.1021992032,0.946102609406,5699.4
2017-05-23,1981101.3608457353,0.0,False,1.0,43.0747405515,0.94259092157,5703.35
2017-05-24,2007894.8558829315,0.0,False,1.0,44.310258953,0.939111444485,5730.3
2017-05-25,2044385.7817246029,0.0,False,1.0,58.8924419254,0.948376807421,5778.37
2017-05-26,2046226.3628232419,0.0,False,1.0,39.5896833518,0.948337178698,5788.36
2017-05-30,2062284.1292814449,0.0,False,1.0,39.6954469164,0.953026807616,5794.63
2017-05-31,2050873.3539680068,0.0,False,1.0,53.5710117585,0.952297180345,5788.8
2017-06-01,2067275.4899544474,0.0,False,1.0,47.4609709509,0.959359441549,5816.51
2017-06-02,2078889.7479423699,0.0,False,1.0,59.6797750016,0.98119200536,5881.46
2017-06-05,2062550.2777178399,0.0,False,1.0,39.2375763674,0.979929028559,5878.12
2017-06-06,2071257.8678319633,0.0,False,1.0,49.9234866137,0.975016634726,5856.77
2017-06-07,2090128.6291575939,0.0,False,1.0,47.586457586,0.978802369264,5877.59
2017-06-08,2098751.7014911002,0.0,False,1.0,49.858530761,0.9857258142,5885.3
2017-06-09,2005954.8811645536,0.0,False,1.0,123.09834544,0.921429289101,5741.94
2017-06-12,1998331.6585812129,0.0,False,1.0,73.6756728805,0.915702350743,5708.18
2017-06-13,2022540.8636190968,0.0,False,1.0,52.9503481712,0.91344642928,5751.82
2017-06-14,1997670.099466376,0.0,False,1.0,67.2966832517,0.902237506899,5727.07
2017-06-15,1987156.8786783582,0.0,False,1.0,67.3040831846,0.876895030434,5700.89
2017-06-16,1976368.6782852374,0.0,False,1.0,49.7675336741,0.822969643816,5681.48
2017-06-19,2018970.5168929026,0.0,False,1.0,67.9173888538,0.886121971032,5772.22
2017-06-20,1993805.4609445268,0.0,False,1.0,50.6860742211,0.791996528994,5726.31
2017-06-21,2038224.1596374894,0.0,False,1.0,54.7590761661,0.804235635299,5782.39
2017-06-22,2035893.6598959265,0.0,False,1.0,46.0822877423,0.809016236809,5779.87
2017-06-23,2065907.8080461859,0.0,False,1.0,51.8239723999,0.801686428337,5803.11
2017-06-26,2071783.8292135601,0.0,False,1.0,62.0753448204,0.761543900276,5777.59
2017-06-27,2034798.452379314,0.0,False,1.0,71.8882904113,0.566201373476,5671.6
2017-06-28,2074186.3477846254,0.0,False,1.0,68.6967767162,0.647027613645,5753.03
2017-06-29,2030809.6633252867,0.0,False,1.0,87.9206779534,0.54539828706,5653.02
2017-06-30,1999515.974621393,0.0,False,1.0,49.3455909052,0.536481105003,5646.92
2017-07-03,1961092.3045195148,0.0,True,0.0,66.2978417998,0.451037850603,5596.96
2017-07-05,1976596.3173348824,1976596.3173348824,True,0.0,58.3063970617,0.498971004863,5648.82
2017-07-06,1976596.3173348824,1976596.3173348824,True,0.0,58.0064060907,0.415917421751,5597.9
2017-07-07,1976596.3173348824,1976596.3173348824,True,0.0,59.9925869469,0.482122670851,5656.47
2017-07-10,1976596.3173348824,1976596.3173348824,True,0.0,54.1273833502,0.534760774322,5694.15
2017-07-11,1976596.3173348824,1976596.3173348824,True,0.0,51.4074989874,0.538224488534,5709.8
2017-07-12,1976596.3173348824,1976596.3173348824,False,1.0,59.9234533518,0.594902006238,5778.95
2017-07-13,1959730.6265813545,-1.1641532182693481e-10,False,1.0,44.0065311129,0.588638009017,5793.36
2017-07-14,1965579.3662054092,-1.1641532182693481e-10,False,1.0,51.6574232923,0.796120921639,5838.08
2017-07-17,1965489.437615891,-1.1641532182693481e-10,False,1.0,44.297335621,0.756189927243,5839.74
2017-07-18,1994694.8503308585,-1.1641532182693481e-10,False,1.0,55.4519379359,0.76865820214,5880.1
2017-07-19,2082995.6051268852,-1.1641532182693481e-10,False,1.0,48.454010727,0.756937865793,5916.16
2017-07-20,2088835.5133035881,-1.1641532182693481e-10,False,1.0,46.238444544,0.757844258743,5921.22
2017-07-21,2102037.2239644425,-1.1641532182693481e-10,False,1.0,44.6205687818,0.731519315793,5921.52
2017-07-24,2127926.7765871957,-1.1641532182693481e-10,False,1.0,46.9046505775,0.702556476098,5941.37
2017-07-25,2103568.6480670082,-1.1641532182693481e-10,False,1.0,43.7425240103,0.679893545705,5930.65
2017-07-26,2102402.7659692308,-1.1641532182693481e-10,False,1.0,42.0288423353,0.694423911139,5950.73
2017-07-27,2052972.7092851489,-1.1641532182693481e-10,False,1.0,84.3802296364,0.663340087181,5917.03
2017-07-28,2087462.4439534838,0.0,False,1.0,50.8410203109,0.62232830494,5908.92
2017-07-31,2060214.8589562916,0.0,False,1.0,54.5969546616,0.50907621201,5880.33
2017-08-01,2078949.1825489949,0.0,False,1.0,42.5028862149,0.531677690731,5895.17
2017-08-02,2081040.7829002074,0.0,False,1.0,59.991224722,0.581477730656,5914.23
2017-08-03,2081189.9759204031,0.0,False,1.0,46.8153793755,0.527415818047,5891.2
2017-08-04,2045730.3567349508,0.0,False,1.0,46.0988299525,0.528631645947,5899.91
2017-08-07,2083658.8892495239,0.0,False,1.0,46.5196407112,0.758563179646,5934.73
2017-08-08,2072602.1219652202,0.0,False,1.0,55.176337706,0.788106910282,5926.35
2017-08-09,2078695.176820694,0.0,False,1.0,54.2837203336,0.733757126664,5919.39
2017-08-10,2013164.1380011253,0.0,False,1.0,79.4159500896,0.589672304396,5788.19
2017-08-11,2013959.6389758987,0.0,False,1.0,53.8118140988,0.674644576341,5831.53
2017-08-14,2017658.3133177278,0.0,False,1.0,62.1887651666,0.771763757886,5908.17
2017-08-15,2022689.2671079831,0.0,False,1.0,42.6718184131,0.680995514109,5907.73
2017-08-16,2021824.3076597597,0.0,False,1.0,49.1653054721,0.74639904964,5917.42
2017-08-17,1966200.9146451443,0.0,False,1.0,73.8162742373,0.528077854767,5796.32
2017-08-18,1963222.0296018971,0.0,False,1.0,54.0710966897,0.52445651846,5790.91
2017-08-21,1948990.2174505035,0.0,True,0.0,51.8099112443,0.489645562705,5786.54
2017-08-22,1958419.6573360132,1958419.6573360132,False,0.0,64.3944876618,0.624871544934,5873.33
2017-08-23,1967084.7318409244,1.1641532182693481e-10,False,0.0,44.8496788378,0.729798382018,5851.78
2017-08-24,1981581.2340099597,1.1641532182693481e-10,False,0.0,56.5855306284,0.617081093238,5834.44
2017-08-25,1962096.9806139921,1.1641532182693481e-10,False,0.0,52.2197612589,0.737361542576,5822.53
2017-08-28,1979568.2180689801,1.1641532182693481e-10,False,0.0,44.3999020114,0.761897448759,5838.08
2017-08-29,1978107.9703603983,1.1641532182693481e-10,False,0.0,63.5152760624,0.840738521422,5862.14
2017-08-30,2003807.6633470156,1.1641532182693481e-10,False,1.0,60.6247957852,0.85154546389,5932.9
2017-08-31,2027946.2883939957,1.1641532182693481e-10,False,1.0,55.1946266467,0.923954818472,5988.6
2017-09-01,2024543.1689615217,1.1641532182693481e-10,False,1.0,46.4708336593,0.892047328467,5987.9
2017-09-05,2015953.1312130485,1.1641532182693481e-10,False,1.0,67.1845462856,0.812273277381,5932.73
2017-09-06,1999049.3259798982,1.1641532182693481e-10,False,1.0,52.3677908297,0.814173499569,5951.13
2017-09-07,2034710.1987842941,1.1641532182693481e-10,False,1.0,46.1320197644,0.76027600913,5964.31
2017-09-08,2024360.9684417313,1.1641532182693481e-10,False,1.0,53.0115441103,0.677096327212,5913.37
2017-09-11,2052614.587830367,1.1641532182693481e-10,False,1.0,60.156655771,0.701524014981,5980.53
2017-09-12,2053901.3089496042,1.1641532182693481e-10,False,1.0,45.5134113413,0.717418276609,5995.64
2017-09-13,2042702.3036431,1.1641532182693481e-10,False,1.0,43.7452596375,0.679186487559,6004.38
2017-09-14,2038441.4474816388,1.1641532182693481e-10,False,1.0,47.0530820517,0.583264048209,5968.82
2017-09-15,2066349.1809186274,0.0,False,1.0,51.2554000896,0.602405779012,5988.0
2017-09-18,2104002.8777175974,0.0,False,1.0,50.6700787056,0.592574468304,5981.12
2017-09-19,2111279.5270261155,0.0,False,1.0,42.9482816888,0.578851346193,5991.08
2017-09-20,2119751.1986478982,0.0,False,1.0,56.0830507569,0.569539406537,5973.6
2017-09-21,2097518.540808355,0.0,True,0.0,53.5064088909,0.486941863229,5934.91
2017-09-22,2090919.2347399015,2090919.2347399015,True,0.0,42.5747233665,0.530832446733,5932.32
2017-09-25,2090919.2347399015,2090919.2347399015,True,0.0,65.3918306045,0.451594478916,5867.35
2017-09-26,2090919.2347399015,2090919.2347399015,True,0.0,49.2056694022,0.510751854985,5881.34
2017-09-27,2090919.2347399015,2090919.2347399015,True,0.0,59.7738664759,0.56741101672,5937.79
2017-09-28,2090919.2347399015,2090919.2347399015,True,0.0,44.0498788824,0.535202150422,5933.07
2017-09-29,2090919.2347399015,2090919.2347399015,False,0.0,50.5731949017,0.626516700256,5979.3
2017-10-02,2083098.4578240234,-1.1641532182693481e-10,False,0.0,50.5544403589,0.618603515839,5981.92
2017-10-03,2085839.1191678471,-1.1641532182693481e-10,False,0.0,41.3431232787,0.590426836731,5995.06
2017-10-04,2082405.1946251765,-1.1641532182693481e-10,False,1.0,45.2103288949,0.606468115192,5998.84
2017-10-05,2089844.2627383182,-1.1641532182693481e-10,False,1.0,54.3762894617,0.68503521135,6057.14
2017-10-06,2110536.4192197653,-1.1641532182693481e-10,False,1.0,43.0239957692,0.856653568147,6064.57
2017-10-09,2130937.5423568469,-1.1641532182693481e-10,False,1.0,43.0324154554,0.812248096944,6058.53
2017-10-10,2162364.7646624637,-1.1641532182693481e-10,False,1.0,49.877813637,0.737369812769,6063.52
2017-10-11,2171855.8474148666,-1.1641532182693481e-10,False,1.0,43.7729873933,0.759586135619,6081.25
2017-10-12,2158689.9037540173,-1.1641532182693481e-10,False,1.0,43.9815702352,0.73297397999,6069.99
2017-10-13,2176272.5081748362,-1.1641532182693481e-10,False,1.0,43.9552119242,0.915554598554,6092.45
2017-10-16,2214631.7983972165,-1.1641532182693481e-10,False,1.0,41.564960069,0.932729047402,6114.53
2017-10-17,2196812.7613854874,-1.1641532182693481e-10,False,1.0,40.0453196467,0.939900673814,6122.61
2017-10-18,2210263.6901411419,-1.1641532182693481e-10,False,1.0,41.5639951489,0.886346899523,6114.35
2017-10-19,2205347.0111852707,-1.1641532182693481e-10,False,1.0,55.3455743383,0.887102664324,6092.62
2017-10-20,2216425.8679152997,-1.1641532182693481e-10,False,1.0,44.0297460694,0.916641270847,6108.82
2017-10-23,2223007.9204244222,-1.1641532182693481e-10,False,1.0,54.7613758627,0.888483206892,6067.83
2017-10-24,2227614.5903920662,-1.1641532182693481e-10,False,1.0,45.0068148731,0.885203930502,6080.22
2017-10-25,2202855.7847658796,-1.1641532182693481e-10,False,1.0,59.8816776542,0.830771505592,6055.04
2017-10-26,2203657.2407908612,-1.1641532182693481e-10,False,1.0,44.2166374405,0.711024149068,6037.87
2017-10-27,2268308.2147614281,-1.1641532182693481e-10,False,1.0,94.724032743,0.811515137634,6213.47
2017-10-30,2289999.1384673901,0.0,False,1.0,50.0116793583,0.826052091792,6227.59
2017-10-31,2342825.8463036944,0.0,False,1.0,44.311695705,0.897087336932,6248.56
2017-11-01,2336572.8413664177,0.0,False,1.0,51.0443385612,0.883573233512,6248.65
2017-11-02,2323452.1114568249,0.0,False,1.0,51.8075235154,0.862434757736,6236.39
2017-11-03,2347818.6932661603,0.0,False,1.0,54.1041302092,0.936733273467,6295.58
2017-11-06,2345067.6400829507,0.0,False,1.0,42.8627190681,0.914454435094,6313.61
2017-11-07,2356717.5222874186,0.0,False,1.0,43.6443975701,0.909135201759,6320.78
2017-11-08,2406986.2386728744,0.0,False,1.0,46.7030334206,0.91823280109,6345.81
2017-11-09,2366803.8956073551,0.0,False,1.0,65.7951551773,0.921093781995,6312.21
2017-11-10,2410704.6194089223,0.0,False,1.0,43.5184168942,0.906941362715,6309.07
2017-11-13,2429613.4331825506,0.0,False,1.0,46.8987008681,0.916258328649,6316.18
2017-11-14,2441876.6742695887,0.0,False,1.0,51.1761657324,0.893040018874,6293.64
2017-11-15,2405035.5611678376,0.0,False,1.0,55.0221075945,0.878265389816,6258.36
2017-11-16,2449740.8344636825,0.0,False,1.0,64.5204896109,0.94474265654,6339.14
2017-11-17,2436854.3864624412,0.0,False,1.0,45.4408340993,0.933739428064,6314.51
2017-11-20,2469749.2815517578,0.0,False,1.0,41.3555480721,0.965362477387,6308.61
2017-11-21,2509023.762110576,0.0,False,1.0,57.1036860723,0.975616346467,6378.63
2017-11-22,2487372.2886916609,0.0,False,1.0,40.2562485473,0.964756213011,6386.12
2017-11-24,2501625.9030766063,0.0,False,1.0,41.9527751979,0.972261294243,6409.29
2017-11-27,2483080.9350378434,0.0,False,1.0,43.0873126396,0.958682091815,6405.97
2017-11-28,2475721.9011214715,0.0,False,1.0,47.1366405786,0.96308429653,6422.56
2017-11-29,2329740.810981567,0.0,False,1.0,79.5357155076,0.881853571313,6311.37
2017-11-30,2326898.7298924942,0.0,False,1.0,53.9971152015,0.910252185119,6365.56
2017-12-01,2297011.0528664081,0.0,False,1.0,71.1966738795,0.851885016029,6337.87
2017-12-04,2163256.2342990567,0.0,False,1.0,72.5894698437,0.765657467921,6263.7
2017-12-05,2172191.0126108462,0.0,False,1.0,64.9781979818,0.773835250294,6265.11
2017-12-06,2189668.1950017023,0.0,False,1.0,55.0230730686,0.795998375769,6293.05
2017-12-07,2237858.2441165121,0.0,False,1.0,47.2002761771,0.800427875811,6316.28
2017-12-08,2236192.9132792475,0.0,False,1.0,52.928698719,0.83592171129,6344.57
2017-12-11,2224218.4679558454,0.0,False,1.0,49.3609007548,0.854322135891,6393.89
2017-12-12,2199865.4070827244,0.0,False,1.0,43.7662745342,0.827521478355,6383.65
2017-12-13,2194570.3030379987,0.0,False,1.0,44.2098831723,0.829680521435,6394.67
2017-12-14,2181994.0961694242,0.0,False,1.0,45.5222425777,0.833050916292,6389.91
2017-12-15,2203274.8429847611,0.0,False,1.0,58.9320892194,0.897201379441,6466.32
2017-12-18,2254803.8228225671,0.0,False,1.0,51.2772739542,0.911517439256,6513.27
2017-12-19,2258019.9763121419,0.0,False,1.0,49.4206602949,0.918118611119,6480.67
2017-12-20,2279929.6342644412,0.0,False,1.0,51.2801375975,0.907067064452,6472.48
2017-12-21,2231670.7809608905,0.0,False,1.0,44.1783656839,0.921810256553,6472.69
2017-12-22,2242017.287947834,0.0,False,1.0,41.0774022204,0.927236551882,6465.17
2017-12-26,2227470.8734762049,0.0,False,1.0,51.4035781307,0.822210210557,6433.16
2017-12-27,2230867.8947313642,0.0,False,1.0,40.7997087029,0.808863691375,6435.15
2017-12-28,2225876.4008169207,0.0,False,1.0,39.7476122174,0.792102218478,6441.42
2017-12-29,2195300.2045402648,0.0,False,1.0,47.9944383632,0.732014181033,6396.42
2018-01-02,2247556.7009367603,0.0,False,1.0,63.1254912722,0.848304102476,6511.34
2018-01-03,2303725.0682964204,0.0,False,1.0,54.5785587446,0.8500255268,6575.8
2018-01-04,2336577.5796269905,0.0,False,1.0,42.0643326372,0.841883755761,6584.58
2018-01-05,2360665.1978554418,0.0,False,1.0,55.4748329363,0.882466026527,6653.29
2018-01-08,2379358.9033822096,0.0,False,1.0,43.1966374313,0.880603250667,6676.63
2018-01-09,2356048.2922054115,0.0,False,1.0,45.3153551405,0.905851600945,6677.94
2018-01-10,2357350.3388640201,0.0,False,1.0,51.808602893,0.898287416293,6662.66
2018-01-11,2379618.0143060256,0.0,False,1.0,47.8413421742,0.91767196875,6708.49
2018-01-12,2407458.1213713079,0.0,False,1.0,54.8551068905,0.94839198443,6758.54
2018-01-16,2392649.0216816557,0.0,False,1.0,69.6439020307,0.95507344244,6737.14
2018-01-17,2438147.8912203694,0.0,False,1.0,59.0638887186,0.952519537864,6810.28
2018-01-18,2433404.006824947,0.0,False,1.0,46.3991387693,0.961967480493,6811.38
2018-01-19,2448511.7512667007,0.0,False,1.0,46.238881031,0.969441816787,6834.33
2018-01-22,2457763.2599370508,0.0,False,1.0,59.1926220899,0.968926000206,6906.28
2018-01-23,2491801.902913345,0.0,False,1.0,52.8365581894,0.977319722589,6963.46
2018-01-24,2474426.3786850111,0.0,False,1.0,67.8549739033,0.960000102546,6919.35
2018-01-25,2479428.9147385755,0.0,False,1.0,55.6149275689,0.960159153181,6916.3
2018-01-26,2532782.8602956804,0.0,False,1.0,65.9162576643,0.973834612591,7022.97
2018-01-29,2519475.7739275382,0.0,False,1.0,47.9694531712,0.991530640113,6988.32
2018-01-30,2465224.7226969837,0.0,False,1.0,61.8091460444,0.976014962766,6930.73
2018-01-31,2472111.9470949424,0.0,False,1.0,53.9478899697,0.984539445878,6949.99
2018-02-01,2426302.2997187716,0.0,False,1.0,61.0631513281,0.990195067368,6901.5
2018-02-02,2362686.8294702154,0.0,False,1.0,76.6959117508,0.948429304834,6760.29
2018-02-05,2243715.3058006153,0.0,False,1.0,117.315198392,0.705432683324,6495.92
2018-02-06,2313088.0846128226,0.0,True,0.0,108.674044266,0.797335311202,6665.98
2018-02-07,2324831.9241490196,2324831.9241490196,,0.0,68.0640908842,0.715208412719,6582.02
2018-02-08,2324831.9241490196,2324831.9241490196,,0.0,103.291634678,0.447367022655,6306.1
2018-02-09,2324831.9241490196,2324831.9241490196,,0.0,97.3102668502,0.537912897474,6412.68
2018-02-12,2324831.9241490196,2324831.9241490196,,0.0,68.650584923,0.60968811785,6523.85
2018-02-13,2324831.9241490196,2324831.9241490196,,0.0,55.5024074985,0.633655130848,6553.86
2018-02-14,2324831.9241490196,2324831.9241490196,True,0.0,70.5621987704,0.660271685193,6675.03
2018-02-15,2324831.9241490196,2324831.9241490196,True,0.0,63.5114123026,0.701501340567,6794.92
2018-02-16,2324831.9241490196,2324831.9241490196,False,0.0,53.6961719593,0.707374183694,6770.66
2018-02-20,2355086.6655690391,1.1641532182693481e-10,False,0.0,56.7743285941,0.71759623633,6779.69
2018-02-21,2341324.9928252762,1.1641532182693481e-10,False,0.0,61.2975938168,0.705474123219,6759.26
2018-02-22,2338944.3050220264,1.1641532182693481e-10,False,0.0,53.4411859637,0.711605405121,6761.85
2018-02-23,2397923.620240292,1.1641532182693481e-10,False,0.0,64.2407055289,0.795398457579,6896.6
2018-02-26,2427940.4528089878,1.1641532182693481e-10,False,0.0,55.4522288835,0.832204316979,6989.1
2018-02-27,2403912.6642978149,1.1641532182693481e-10,False,0.0,57.4250359922,0.788480755333,6900.35
2018-02-28,2403166.316620592,1.1641532182693481e-10,False,0.0,58.7509224073,0.78960338002,6854.42
2018-03-01,2375054.854426261,1.1641532182693481e-10,False,0.0,77.4534444244,0.670770126814,6750.54
2018-03-02,2413122.4160980321,1.1641532182693481e-10,False,0.0,71.179655348,0.667186915187,6811.04
2018-03-05,2454724.2336490196,1.1641532182693481e-10,False,0.0,65.7178607684,0.701294835634,6881.28
2018-03-06,2500569.5967568988,1.1641532182693481e-10,False,0.0,49.3306008166,0.67960351494,6913.02
2018-03-07,2499699.2197543234,0.0,False,0.0,53.1744278649,0.675147155394,6929.39
2018-03-08,2505580.527167357,0.0,False,0.0,44.6779859319,0.695065337526,6966.43
2018-03-09,2579657.2303058384,0.0,False,0.0,62.9987318433,0.768274301351,7101.18
2018-03-12,2564428.930783134,0.0,False,0.0,47.212374006,0.759754180897,7131.12
2018-03-13,2540497.5661579249,0.0,False,0.0,67.7696296282,0.689090897011,7046.51
2018-03-14,2548507.3922246462,0.0,False,0.0,50.310199261,0.698197961777,7040.98
2018-03-15,2522899.3461761102,0.0,False,0.0,49.0898489605,0.651628097833,7030.97
2018-03-16,2525668.6420989614,0.0,False,0.0,46.0233204541,0.644658819947,7019.95
2018-03-19,2498134.5457685539,0.0,False,0.0,77.6226398358,0.537063039566,6864.88
2018-03-20,2538288.5516049508,0.0,False,0.0,47.1722567369,0.505887827957,6885.92
2018-03-21,2527718.9368287036,0.0,False,0.0,55.8928763391,0.451122238487,6853.45
2018-03-22,2462205.9001917168,0.0,True,0.0,69.59737045,0.378249359495,6682.26
2018-03-23,2445094.2523080492,2445094.2523080492,True,0.0,74.2183394116,0.289973401301,6508.09
2018-03-26,2445094.2523080492,2445094.2523080492,True,0.0,82.9239484926,0.377002617056,6753.83
2018-03-27,2445094.2523080492,2445094.2523080492,True,0.0,93.0794346981,0.290570243696,6529.84
2018-03-28,2445094.2523080492,2445094.2523080492,True,0.0,63.4917205526,0.283800404395,6460.81
2018-03-29,2445094.2523080492,2445094.2523080492,True,0.0,72.949111496,0.335783308984,6581.13
2018-04-02,2445094.2523080492,2445094.2523080492,True,0.0,78.1282600775,0.274612708559,6390.84
2018-04-03,2445094.2523080492,2445094.2523080492,True,0.0,61.2475518685,0.368096904016,6458.83
2018-04-04,2445094.2523080492,2445094.2523080492,True,0.0,79.5325969721,0.556630119748,6560.06
2018-04-05,2445094.2523080492,2445094.2523080492,True,0.0,50.7942197124,0.480694254191,6594.84
2018-04-06,2445094.2523080492,2445094.2523080492,True,0.0,69.2465876066,0.437779089843,6433.21
2018-04-09,2445094.2523080492,2445094.2523080492,False,0.0,65.4165764556,0.620651769739,6472.34
2018-04-10,2454967.920618163,-1.1641532182693481e-10,False,0.0,64.6754267377,0.639063398164,6615.87
2018-04-11,2426649.5554665015,-1.1641532182693481e-10,False,0.0,49.3522472183,0.555284862301,6583.44
2018-04-12,2455198.5567963249,-1.1641532182693481e-10,False,0.0,53.2927911941,0.58020568601,6656.26
2018-04-13,2466795.3426431306,-1.1641532182693481e-10,False,0.0,54.2431938382,0.490833108986,6628.34
2018-04-16,2466541.7844493566,-1.1641532182693481e-10,False,0.0,48.6951581141,0.44637124516,6675.18
2018-04-17,2545695.9962676656,0.0,False,0.0,63.2436900029,0.545980291684,6816.37
2018-04-18,2551773.2743049376,0.0,False,0.0,48.2083889809,0.550472798695,6833.21
2018-04-19,2529736.2136187749,0.0,False,0.0,50.7890454466,0.528461287602,6774.89
2018-04-20,2500886.5522664343,0.0,False,0.0,58.679077574,0.464586481624,6667.75
2018-04-23,2471540.4786335612,0.0,True,0.0,54.6731170717,0.374692274697,6648.8
2018-04-24,2488284.3385582343,2488284.3385582343,True,0.0,73.444415438,0.255340336117,6509.05
2018-04-25,2488284.3385582343,2488284.3385582343,True,0.0,55.4331852649,0.298740952195,6513.94
2018-04-26,2488284.3385582343,2488284.3385582343,True,0.0,62.7328008089,0.402174144052,6649.65
2018-04-27,2488284.3385582343,2488284.3385582343,True,0.0,58.0865471009,0.463969821043,6656.35
2018-04-30,2488284.3385582343,2488284.3385582343,True,0.0,55.9691847284,0.399311536509,6605.57
2018-05-01,2488284.3385582343,2488284.3385582343,True,0.0,54.0141139887,0.404248729222,6681.96
2018-05-02,2488284.3385582343,2488284.3385582343,True,0.0,49.2328435189,0.365590157063,6644.48
2018-05-03,2488284.3385582343,2488284.3385582343,True,0.0,57.226434383,0.356196677202,6643.48
2018-05-04,2488284.3385582343,2488284.3385582343,True,0.0,64.1524245401,0.408932148406,6769.12
2018-05-07,2488284.3385582343,2488284.3385582343,True,0.0,48.9375076896,0.363786072147,6821.87
2018-05-08,2488284.3385582343,2488284.3385582343,True,0.0,46.1852024624,0.344650628921,6815.48
2018-05-09,2488284.3385582343,2488284.3385582343,True,0.0,50.6914452491,0.43283077237,6893.21
2018-05-10,2488284.3385582343,2488284.3385582343,True,0.0,48.2397379331,0.476081736145,6963.55
2018-05-11,2488284.3385582343,2488284.3385582343,True,0.0,43.6390982793,0.47546812734,6952.56
2018-05-14,2488284.3385582343,2488284.3385582343,True,0.0,45.3403571926,0.488291758087,6964.37
2018-05-15,2488284.3385582343,2488284.3385582343,True,0.0,54.4518253962,0.532899079012,6888.54
2018-05-16,2488284.3385582343,2488284.3385582343,True,0.0,45.3415346034,0.544597096448,6929.97
2018-05-17,2488284.3385582343,2488284.3385582343,True,0.0,49.8119574445,0.547098424202,6901.63
2018-05-18,2488284.3385582343,2488284.3385582343,False,0.0,43.353816245,0.628567499096,6866.25
2018-05-21,2489128.8460202776,-1.1641532182693481e-10,False,0.0,49.5443169628,0.753070818332,6905.53
2018-05-22,2477928.6985450755,-1.1641532182693481e-10,False,0.0,46.5040314219,0.611408691442,6893.62
2018-05-23,2541326.6288217911,-1.1641532182693481e-10,False,0.0,53.7004206449,0.801283720773,6953.63
2018-05-24,2564506.1474161837,-1.1641532182693481e-10,False,0.0,49.2960899388,0.837900679304,6949.7
2018-05-25,2546967.3971345779,-1.1641532182693481e-10,False,0.0,42.6567928887,0.784308305951,6960.92
2018-05-29,2544121.9028248624,-1.1641532182693481e-10,False,0.0,48.7694082549,0.886404168749,6926.54
2018-05-30,2568689.616349828,0.0,False,0.0,46.0572925049,0.877868469324,6976.37
2018-05-31,2535541.3226595731,0.0,False,0.0,45.9702163285,0.826125013966,6967.73
2018-06-01,2563361.8119851262,0.0,False,0.0,48.6262955342,0.860183434535,7083.93
2018-06-04,2596464.9911656035,0.0,False,0.0,46.2980484102,0.953618557318,7143.57
2018-06-05,2613330.9984145095,0.0,False,0.0,43.0356520946,0.949527731988,7166.75
2018-06-06,2624155.2940444262,0.0,False,0.0,47.7923202262,0.928792951401,7210.08
2018-06-07,2589677.9860280361,0.0,False,0.0,51.8974509117,0.920254228853,7152.83
2018-06-08,2610236.125976223,0.0,False,0.0,46.0726182867,0.892614667513,7152.62
2018-06-11,2614479.9323852896,0.0,False,0.0,42.782380335,0.912068253258,7168.48
2018-06-12,2637076.8398553906,0.0,False,0.0,43.5753462753,0.908745462269,7209.18
2018-06-13,2688574.5842539109,0.0,False,0.0,47.2229155143,0.84860614111,7205.26
2018-06-14,2727147.4769742866,0.0,False,0.0,50.1378285624,0.875992830519,7279.59
2018-06-15,2716359.2172210966,0.0,False,0.0,45.6177063738,0.896862342882,7255.76
2018-06-18,2740400.8961660927,0.0,False,0.0,47.5543358985,0.947021297717,7251.41
2018-06-19,2739522.9621719248,0.0,False,0.0,54.6523840205,0.946134287071,7228.04
2018-06-20,2762727.7590327282,0.0,False,0.0,49.4085396093,0.990790590283,7280.7
2018-06-21,2719915.3570174919,0.0,False,0.0,53.114109367,0.982693693444,7217.49
2018-06-22,2686232.9431680557,0.0,False,0.0,46.1354599902,0.962507113824,7197.51
2018-06-25,2604676.3502830281,0.0,False,0.0,71.9967123779,0.869342015051,7038.17
2018-06-26,2627972.1436598324,0.0,False,0.0,47.3238906107,0.915278694635,7068.2
2018-06-27,2607706.7678619209,0.0,False,0.0,62.0195803532,0.802009488072,6969.67
2018-06-28,2649125.175154198,0.0,False,0.0,52.8958830119,0.869850615366,7031.6
2018-06-29,2638262.2354374034,0.0,False,0.0,47.1888422511,0.87577984453,7040.8
2018-07-02,2639461.5454578083,0.0,False,0.0,56.9160687424,0.841334967137,7097.82
2018-07-03,2607131.917178778,0.0,False,0.0,54.0473767725,0.720968132323,7014.55
2018-07-05,2628059.6171361702,0.0,False,0.0,50.40671824,0.796518018275,7101.05
2018-07-06,2660868.818272193,0.0,False,0.0,54.4488925289,0.811473222129,7207.33
2018-07-09,2700758.653653495,0.0,False,0.0,46.9108868277,0.808512426808,7276.0
2018-07-10,2705536.0874745771,0.0,False,0.0,41.9951402459,0.821531599204,7282.6
2018-07-11,2672303.1652111313,0.0,False,0.0,45.5907313445,0.782586889048,7243.98
2018-07-12,2720916.0948289433,0.0,False,0.0,55.8533535212,0.900244680959,7366.25
2018-07-13,2705047.7835912211,0.0,False,0.0,41.6861212298,0.885008893403,7375.82
2018-07-16,2705075.9654526534,0.0,False,0.0,42.6319427862,0.891539040641,7357.9
2018-07-17,2702525.4736882071,0.0,False,0.0,56.6907339031,0.92670301826,7403.89
2018-07-18,2699960.8873908897,0.0,False,0.0,42.316840499,0.905249331652,7390.13
2018-07-19,2680642.7185464422,0.0,False,0.0,42.8008043831,0.892724565851,7352.36
2018-07-20,2697836.5517923101,0.0,False,0.0,44.3130631115,0.860801792014,7350.23
2018-07-23,2700751.0657159751,0.0,False,0.0,47.6193838262,0.874924161758,7371.78
2018-07-24,2688423.6731686937,0.0,False,0.0,52.3380996057,0.885912578286,7406.25
2018-07-25,2739829.4632029086,0.0,False,0.0,52.5363173436,0.936305954374,7508.59
2018-07-26,2679014.0423739161,0.0,False,0.0,55.3078104366,0.861542554256,7400.75
2018-07-27,2625618.9779848605,0.0,False,0.0,65.9277880211,0.796235458275,7296.78
2018-07-30,2549196.7626375859,0.0,False,0.0,57.9637469665,0.615994509435,7193.1
2018-07-31,2611524.1319713122,0.0,False,0.0,50.1699885846,0.59633042706,7231.98
2018-08-01,2611256.1813727017,0.0,False,0.0,44.5889489195,0.612315514867,7272.89
2018-08-02,2656645.0374396499,0.0,False,0.0,60.9622200115,0.658823499088,7372.15
2018-08-03,2648187.6475380366,0.0,False,0.0,40.9436781558,0.72752242121,7395.49
2018-08-06,2678794.5095358239,0.0,False,0.0,44.0356197656,0.759430162937,7438.99
2018-08-07,2683531.2663019211,0.0,False,0.0,41.0569626468,0.764421714057,7462.65
2018-08-08,2685296.5738601922,0.0,False,0.0,42.7771712125,0.739362073819,7469.54
2018-08-09,2692879.7550560334,0.0,False,0.0,41.0271047485,0.740486280425,7466.96
2018-08-10,2671656.2044047699,0.0,False,0.0,48.3847395508,0.630172334055,7408.3
2018-08-13,2653131.6172627783,0.0,False,0.0,46.0728793822,0.64546609578,7401.17
2018-08-14,2669020.6342114648,0.0,False,0.0,45.2176699306,0.687618183818,7447.17
2018-08-15,2605526.4202478267,0.0,False,0.0,57.5799706496,0.626435997505,7354.66
2018-08-16,2618494.1561685614,0.0,False,0.0,45.6778889628,0.597126484305,7374.29
2018-08-17,2628329.749012331,0.0,False,0.0,48.0116392906,0.657711593504,7377.54
2018-08-20,2616693.4141332624,0.0,False,0.0,42.9328894326,0.670108319419,7371.42
2018-08-21,2632473.871173643,0.0,False,0.0,45.9148985384,0.831679933885,7397.23
2018-08-22,2659008.171599248,0.0,False,0.0,44.1875678191,0.829156599731,7424.6
2018-08-23,2666743.7750386829,0.0,False,0.0,44.260022287,0.891453945581,7413.84
2018-08-24,2686484.6956976075,0.0,False,0.0,46.79654634,0.893633915995,7485.4
2018-08-27,2726285.4074646998,0.0,False,0.0,46.7004578721,0.917863328366,7559.13
2018-08-28,2731704.6940831309,0.0,False,0.0,39.3920400394,0.899060045407,7570.25
2018-08-29,2772363.4074473488,0.0,False,0.0,49.489889122,0.95989555961,7660.18
2018-08-30,2772940.3629041109,0.0,False,0.0,45.986171085,0.932977446191,7642.67
2018-08-31,2788001.3740511592,0.0,False,0.0,41.9837458971,0.90038726644,7654.55
2018-09-04,2798866.5456827148,0.0,False,0.0,44.4095601911,0.843429198062,7622.32
2018-09-05,2739864.318838797,0.0,False,0.0,54.9479230184,0.753445490518,7523.26
2018-09-06,2730940.487109771,0.0,False,0.0,55.3989781792,0.724354371323,7453.17
2018-09-07,2719584.33112041,0.0,False,0.0,48.7388266768,0.581979469924,7430.26
2018-09-10,2738397.4796666573,0.0,False,0.0,44.3854139197,0.59058030857,7447.68
2018-09-11,2766766.2704861425,0.0,False,0.0,53.7111327663,0.672567641221,7507.87
2018-09-12,2762894.2007545368,0.0,False,0.0,48.0025616515,0.603308914186,7488.06
2018-09-13,2771678.16385523,0.0,False,0.0,48.9379866156,0.691158841328,7561.69
2018-09-14,2771606.9972334653,0.0,False,0.0,44.6629920967,0.713511241284,7545.5
2018-09-17,2711237.2404676075,0.0,False,0.0,53.6389037017,0.599247815262,7434.73
2018-09-18,2749718.8679579557,0.0,False,0.0,49.9103051508,0.636372897194,7494.4
2018-09-19,2729810.0692195296,0.0,False,0.0,45.647440572,0.597606921491,7490.32
2018-09-20,2748464.888977271,0.0,False,0.0,49.2181567898,0.573327700786,7569.03
2018-09-21,2741493.6849503126,0.0,False,0.0,47.4260522946,0.65082513858,7531.07
2018-09-24,2762283.5927432859,0.0,False,0.0,51.9223497126,0.778123337871,7548.75
2018-09-25,2790635.7921259534,0.0,False,0.0,40.6275508803,0.881909411376,7563.19
2018-09-26,2787382.5088521224,0.0,False,0.0,47.8247340322,0.856714986816,7563.09
2018-09-27,2817071.2012311602,0.0,False,0.0,49.5920792117,0.869843609567,7629.57
2018-09-28,2820199.0561516974,0.0,False,0.0,41.8491803891,0.80125877904,7627.65
2018-10-01,2816582.7677069032,0.0,False,0.0,45.7408607652,0.795858325253,7645.45
2018-10-02,2756140.1046304028,0.0,False,0.0,46.053105361,0.737018291983,7628.28
2018-10-03,2741502.7501964993,0.0,False,0.0,41.8983123697,0.721431257884,7637.43
2018-10-04,2655553.4898705562,0.0,False,0.0,67.9981027321,0.532752470464,7490.0
2018-10-05,2624207.3133149263,0.0,False,0.0,64.6568921337,0.431835150026,7399.01
2018-10-08,2597492.0042695403,0.0,False,0.0,58.5723125043,0.445070307647,7352.82
2018-10-09,2599193.4818239501,0.0,False,0.0,48.4290000025,0.474965094268,7371.62
2018-10-10,2487542.4977139379,0.0,True,0.0,88.5139362907,0.203339004697,7044.5
2018-10-11,2470612.360365001,2470612.360365001,True,0.0,69.5224842827,0.207089121632,6964.03
2018-10-12,2470612.360365001,2470612.360365001,True,0.0,68.6698777653,0.348248440343,7157.21
2018-10-15,2470612.360365001,2470612.360365001,True,0.0,51.0844475546,0.286481118331,7068.67
2018-10-16,2470612.360365001,2470612.360365001,True,0.0,69.6562659792,0.448460788115,7276.43
2018-10-17,2470612.360365001,2470612.360365001,True,0.0,50.3152288469,0.4321232619,7278.63
